,Date,Ross,Chandler,BT1,BT2,BT3,BT4,BT5,GR1,GR2,GR3,GR4,GR5,Total,Saury,Blue_Runner,Squid,Mackerel,Herring,Sardine,Mazuri_Vitamins,Garlic,Salmon,Bonito,Bluefish,Mahi,Goggle_Eye,Humbolt_Squid,Temperature,covid,light_training,GroupFeed,Varied_Target,All_GR,All_BT,All_SS,male,female,Day_of_week,Month,Day
0,2017-12-05,3.0,0.0,4.0,3.0,0.0,2.0,2.0,1.0,1.0,3.0,3.0,0.0,22.0,1.0,0.0,0.0,0.0,0.0,0.0,1.0,1.0,0.0,0.0,0.0,0.0,0.0,0.0,73.2,0,0,1,0,8.0,11.0,3.0,10.0,12.0,1,12,5
1,2017-12-07,4.0,5.0,2.0,2.0,5.0,3.0,5.0,0.0,0.0,2.0,2.0,0.0,30.0,0.0,1.0,1.0,1.0,0.0,0.0,1.0,1.0,0.0,0.0,0.0,0.0,0.0,0.0,73.2,0,0,1,0,4.0,17.0,9.0,16.0,14.0,3,12,7
2,2017-12-09,,,,,,,,1.0,3.0,1.0,0.0,3.0,8.0,0.0,0.0,0.0,0.0,1.0,0.0,0.0,1.0,0.0,0.0,0.0,0.0,0.0,0.0,73.6,0,0,0,0,8.0,,,1.0,7.0,5,12,9
3,2017-12-10,4.0,7.0,0.0,2.0,2.0,0.0,0.0,,,,,,15.0,0.0,0.0,0.0,1.0,0.0,1.0,0.0,1.0,0.0,0.0,0.0,0.0,0.0,0.0,73.6,0,0,0,0,,4.0,11.0,11.0,4.0,6,12,10
4,2017-12-12,3.0,1.0,3.0,2.0,4.0,1.0,1.0,1.0,1.0,5.0,1.0,3.0,26.0,1.0,0.0,0.0,0.0,0.0,0.0,1.0,1.0,0.0,0.0,0.0,0.0,0.0,0.0,73.4,0,0,1,0,11.0,11.0,4.0,9.0,17.0,1,12,12
5,2017-12-14,1.0,2.0,2.0,0.0,4.0,1.0,3.0,2.0,1.0,4.0,2.0,1.0,23.0,0.0,1.0,1.0,0.0,0.0,0.0,1.0,1.0,0.0,0.0,0.0,0.0,0.0,0.0,73.0,0,0,1,0,10.0,10.0,3.0,10.0,13.0,3,12,14
6,2017-12-16,,,,,,,,1.0,2.0,3.0,4.0,1.0,11.0,0.0,0.0,0.0,0.0,1.0,0.0,0.0,1.0,0.0,0.0,0.0,0.0,0.0,0.0,74.0,0,0,0,0,11.0,,,1.0,10.0,5,12,16
7,2017-12-17,3.0,6.0,1.0,3.0,6.0,4.0,1.0,,,,,,24.0,0.0,0.0,0.0,1.0,0.0,1.0,0.0,0.0,0.0,0.0,0.0,0.0,0.0,0.0,73.2,0,0,0,0,,15.0,9.0,11.0,13.0,6,12,17
8,2017-12-19,5.0,4.0,3.0,3.0,3.0,0.0,3.0,0.0,1.0,6.0,0.0,0.0,28.0,1.0,0.0,0.0,0.0,0.0,0.0,1.0,1.0,0.0,0.0,0.0,0.0,0.0,0.0,73.2,0,0,1,0,7.0,12.0,9.0,15.0,13.0,1,12,19
9,2017-12-21,6.0,10.0,1.0,1.0,2.0,3.0,1.0,3.0,0.0,5.0,0.0,2.0,34.0,0.0,1.0,0.0,0.0,0.0,0.0,1.0,1.0,0.0,0.0,0.0,0.0,0.0,0.0,73.6,0,0,1,0,10.0,8.0,16.0,21.0,13.0,3,12,21
10,2017-12-23,,,,,,,,1.0,3.0,3.0,2.0,3.0,12.0,0.0,0.0,0.0,0.0,1.0,0.0,0.0,0.0,0.0,0.0,0.0,0.0,0.0,0.0,74.8,0,0,0,0,12.0,,,1.0,11.0,5,12,23
11,2017-12-24,5.0,8.0,4.0,8.0,4.0,4.0,5.0,,,,,,38.0,0.0,0.0,0.0,1.0,0.0,1.0,0.0,0.0,0.0,0.0,0.0,0.0,0.0,0.0,73.4,0,0,0,0,,25.0,13.0,22.0,16.0,6,12,24
12,2017-12-26,6.0,6.0,5.0,2.0,3.0,3.0,5.0,3.0,3.0,4.0,1.0,2.0,43.0,1.0,0.0,0.0,0.0,0.0,0.0,1.0,1.0,0.0,0.0,0.0,0.0,0.0,0.0,74.4,0,0,1,0,13.0,18.0,12.0,25.0,18.0,1,12,26
13,2017-12-28,3.0,5.0,2.0,1.0,5.0,3.0,1.0,1.0,5.0,3.0,2.0,1.0,32.0,0.0,1.0,0.0,0.0,0.0,0.0,1.0,1.0,0.0,0.0,0.0,0.0,0.0,0.0,73.8,0,0,1,0,12.0,12.0,8.0,12.0,20.0,3,12,28
14,2017-12-30,,,,,,,,6.0,3.0,7.0,2.0,1.0,19.0,0.0,0.0,0.0,0.0,1.0,0.0,0.0,0.0,0.0,0.0,0.0,0.0,0.0,0.0,74.6,0,0,0,0,19.0,,,6.0,13.0,5,12,30
15,2017-12-31,8.0,13.0,13.0,4.0,8.0,3.0,0.0,,,,,,49.0,0.0,0.0,0.0,1.0,0.0,1.0,0.0,1.0,0.0,0.0,0.0,0.0,0.0,0.0,74.6,0,0,0,0,,28.0,21.0,34.0,15.0,6,12,31
16,2018-01-02,4.0,1.0,5.0,4.0,2.0,4.0,7.0,4.0,6.0,11.0,4.0,1.0,53.0,1.0,0.0,0.0,0.0,0.0,0.0,1.0,1.0,0.0,0.0,0.0,0.0,0.0,0.0,74.6,0,0,1,0,26.0,22.0,5.0,21.0,32.0,1,1,2
17,2018-01-04,4.0,1.0,2.0,3.0,4.0,6.0,4.0,2.0,0.0,3.0,0.0,2.0,31.0,0.0,1.0,1.0,0.0,0.0,0.0,1.0,1.0,0.0,0.0,0.0,0.0,0.0,0.0,74.6,0,0,1,0,7.0,19.0,5.0,13.0,18.0,3,1,4
18,2018-01-06,,,,,,,,3.0,1.0,5.0,0.0,0.0,9.0,0.0,0.0,0.0,0.0,1.0,0.0,0.0,1.0,0.0,0.0,0.0,0.0,0.0,0.0,74.8,0,0,0,0,9.0,,,3.0,6.0,5,1,6
19,2018-01-07,7.0,4.0,6.0,2.0,4.0,4.0,3.0,,,,,,30.0,0.0,0.0,0.0,1.0,0.0,1.0,0.0,1.0,0.0,0.0,0.0,0.0,0.0,0.0,74.4,0,0,0,0,,19.0,11.0,20.0,10.0,6,1,7
20,2018-01-09,1.0,0.0,12.0,2.0,10.0,2.0,3.0,3.0,5.0,5.0,0.0,0.0,43.0,1.0,0.0,0.0,0.0,0.0,0.0,1.0,1.0,0.0,0.0,0.0,0.0,0.0,0.0,73.8,0,0,1,0,13.0,29.0,1.0,19.0,24.0,1,1,9
21,2018-01-11,13.0,11.0,2.0,5.0,5.0,7.0,6.0,2.0,1.0,3.0,0.0,0.0,55.0,0.0,1.0,1.0,0.0,0.0,0.0,1.0,1.0,0.0,0.0,0.0,0.0,0.0,0.0,73.2,0,0,1,0,6.0,25.0,24.0,34.0,21.0,3,1,11
22,2018-01-13,,,,,,,,5.0,0.0,1.0,3.0,1.0,10.0,0.0,0.0,0.0,0.0,1.0,0.0,0.0,0.0,0.0,0.0,0.0,0.0,0.0,0.0,75.0,0,0,0,0,10.0,,,5.0,5.0,5,1,13
23,2018-01-14,6.0,10.0,4.0,3.0,5.0,4.0,5.0,,,,,,37.0,0.0,0.0,0.0,1.0,0.0,1.0,0.0,1.0,0.0,0.0,0.0,0.0,0.0,0.0,74.0,0,0,0,0,,21.0,16.0,25.0,12.0,6,1,14
24,2018-01-16,3.0,7.0,5.0,3.0,3.0,4.0,7.0,4.0,3.0,7.0,1.0,1.0,48.0,1.0,0.0,0.0,0.0,0.0,0.0,1.0,1.0,0.0,0.0,0.0,0.0,0.0,0.0,73.8,0,0,1,0,16.0,22.0,10.0,26.0,22.0,1,1,16
25,2018-01-18,10.0,10.0,4.0,5.0,5.0,6.0,6.0,2.0,5.0,7.0,3.0,0.0,63.0,0.0,1.0,1.0,0.0,0.0,0.0,1.0,1.0,0.0,0.0,0.0,0.0,0.0,0.0,73.2,0,0,1,0,17.0,26.0,20.0,32.0,31.0,3,1,18
26,2018-01-20,,,,,,,,2.0,2.0,14.0,1.0,1.0,20.0,0.0,0.0,0.0,0.0,1.0,0.0,0.0,0.0,0.0,0.0,0.0,0.0,0.0,0.0,74.4,0,0,0,0,20.0,,,2.0,18.0,5,1,20
27,2018-01-21,8.0,7.0,5.0,6.0,6.0,1.0,5.0,,,,,,38.0,0.0,0.0,0.0,1.0,0.0,1.0,0.0,1.0,0.0,0.0,0.0,0.0,0.0,0.0,73.0,0,0,0,0,,23.0,15.0,25.0,13.0,6,1,21
28,2018-01-23,11.0,11.0,18.0,6.0,9.0,5.0,3.0,2.0,1.0,3.0,0.0,1.0,70.0,1.0,0.0,0.0,0.0,0.0,0.0,1.0,1.0,0.0,0.0,0.0,0.0,0.0,0.0,72.6,0,0,1,0,7.0,41.0,22.0,45.0,25.0,1,1,23
29,2018-01-25,3.0,7.0,2.0,1.0,8.0,8.0,1.0,3.0,2.0,0.0,5.0,0.0,40.0,0.0,0.0,0.0,0.0,0.0,0.0,1.0,1.0,0.0,0.0,1.0,0.0,0.0,0.0,72.6,0,0,1,0,10.0,20.0,10.0,16.0,24.0,3,1,25
30,2018-01-27,,,,,,,,8.0,6.0,13.0,3.0,5.0,35.0,0.0,0.0,0.0,0.0,1.0,0.0,0.0,0.0,0.0,0.0,0.0,0.0,0.0,0.0,73.8,0,0,0,0,35.0,,,8.0,27.0,5,1,27
31,2018-01-28,5.0,3.0,6.0,7.0,6.0,4.0,2.0,,,,,,33.0,0.0,0.0,0.0,1.0,0.0,1.0,0.0,0.0,0.0,0.0,0.0,0.0,0.0,0.0,73.4,0,0,0,0,,25.0,8.0,16.0,17.0,6,1,28
32,2018-01-30,0.0,7.0,10.0,4.0,7.0,0.0,3.0,0.0,1.0,4.0,1.0,0.0,37.0,1.0,0.0,0.0,0.0,0.0,0.0,1.0,1.0,0.0,0.0,0.0,0.0,0.0,0.0,72.6,0,0,1,0,6.0,24.0,7.0,20.0,17.0,1,1,30
33,2018-02-01,8.0,8.0,5.0,3.0,3.0,7.0,3.0,1.0,0.0,2.0,5.0,0.0,45.0,0.0,1.0,1.0,0.0,0.0,0.0,1.0,1.0,0.0,0.0,0.0,0.0,0.0,0.0,72.8,0,0,1,0,8.0,21.0,16.0,25.0,20.0,3,2,1
34,2018-02-03,,,,,,,,1.0,1.0,7.0,9.0,13.0,31.0,0.0,0.0,0.0,0.0,1.0,0.0,0.0,1.0,0.0,0.0,0.0,0.0,0.0,0.0,73.8,0,0,0,0,31.0,,,1.0,30.0,5,2,3
35,2018-02-04,6.0,10.0,10.0,2.0,5.0,3.0,3.0,,,,,,39.0,0.0,0.0,0.0,1.0,0.0,1.0,0.0,1.0,0.0,0.0,0.0,0.0,0.0,0.0,73.4,0,0,0,0,,23.0,16.0,29.0,10.0,6,2,4
36,2018-02-06,3.0,14.0,11.0,7.0,9.0,5.0,3.0,3.0,0.0,6.0,6.0,0.0,67.0,1.0,0.0,0.0,0.0,0.0,0.0,1.0,1.0,0.0,0.0,0.0,0.0,0.0,0.0,72.8,0,0,1,0,15.0,35.0,17.0,34.0,33.0,1,2,6
37,2018-02-08,9.0,7.0,13.0,5.0,7.0,9.0,6.0,0.0,1.0,3.0,5.0,0.0,65.0,0.0,1.0,0.0,0.0,0.0,0.0,1.0,1.0,0.0,0.0,0.0,0.0,0.0,0.0,73.4,0,0,1,0,9.0,40.0,16.0,35.0,30.0,3,2,8
38,2018-02-10,,,,,,,,7.0,1.0,4.0,2.0,3.0,17.0,0.0,0.0,0.0,0.0,1.0,0.0,0.0,0.0,0.0,0.0,0.0,0.0,0.0,0.0,73.8,0,0,0,0,17.0,,,7.0,10.0,5,2,10
39,2018-02-11,19.0,22.0,15.0,4.0,16.0,5.0,4.0,,,,,,85.0,0.0,0.0,0.0,1.0,0.0,1.0,0.0,0.0,0.0,0.0,0.0,0.0,0.0,0.0,73.6,0,0,0,0,,44.0,41.0,60.0,25.0,6,2,11
40,2018-02-13,8.0,3.0,12.0,7.0,10.0,8.0,15.0,3.0,1.0,17.0,8.0,2.0,94.0,1.0,0.0,0.0,0.0,0.0,0.0,1.0,1.0,0.0,0.0,0.0,0.0,0.0,0.0,74.0,0,0,1,0,31.0,52.0,11.0,41.0,53.0,1,2,13
41,2018-02-15,5.0,11.0,10.0,4.0,11.0,11.0,11.0,4.0,4.0,5.0,6.0,0.0,82.0,0.0,1.0,0.0,0.0,0.0,0.0,1.0,1.0,0.0,0.0,0.0,0.0,0.0,0.0,73.0,0,1,1,0,19.0,47.0,16.0,41.0,41.0,3,2,15
42,2018-02-17,,,,,,,,3.0,0.0,5.0,4.0,3.0,15.0,0.0,0.0,0.0,0.0,1.0,0.0,0.0,0.0,0.0,0.0,0.0,0.0,0.0,0.0,74.0,0,1,0,0,15.0,,,3.0,12.0,5,2,17
43,2018-02-18,12.0,17.0,4.0,5.0,6.0,2.0,2.0,,,,,,48.0,0.0,0.0,0.0,1.0,0.0,1.0,0.0,1.0,0.0,0.0,0.0,0.0,0.0,0.0,73.4,0,1,0,0,,19.0,29.0,35.0,13.0,6,2,18
44,2018-02-20,9.0,12.0,16.0,4.0,7.0,7.0,5.0,0.0,5.0,3.0,3.0,0.0,71.0,1.0,0.0,0.0,0.0,0.0,0.0,1.0,1.0,0.0,0.0,0.0,0.0,0.0,0.0,73.8,0,1,1,0,11.0,39.0,21.0,42.0,29.0,1,2,20
45,2018-02-22,17.0,7.0,8.0,12.0,14.0,4.0,11.0,3.0,0.0,3.0,3.0,2.0,84.0,0.0,1.0,0.0,0.0,0.0,0.0,0.0,0.0,0.0,0.0,0.0,0.0,0.0,0.0,72.8,0,1,1,0,11.0,49.0,24.0,46.0,38.0,3,2,22
46,2018-02-24,,,,,,,,2.0,3.0,10.0,6.0,7.0,28.0,0.0,0.0,0.0,0.0,1.0,0.0,0.0,0.0,0.0,0.0,0.0,0.0,0.0,0.0,73.8,0,1,0,0,28.0,,,2.0,26.0,5,2,24
47,2018-02-25,10.0,14.0,17.0,6.0,9.0,6.0,7.0,,,,,,69.0,0.0,0.0,0.0,1.0,1.0,0.0,0.0,1.0,0.0,0.0,0.0,0.0,0.0,0.0,73.0,0,1,0,0,,45.0,24.0,48.0,21.0,6,2,25
48,2018-02-27,0.0,20.0,19.0,4.0,10.0,5.0,11.0,0.0,0.0,1.0,0.0,0.0,70.0,0.0,0.0,0.0,0.0,0.0,0.0,0.0,0.0,0.0,0.0,0.0,0.0,0.0,0.0,72.8,0,1,1,0,1.0,49.0,20.0,50.0,20.0,1,2,27
49,2018-03-01,10.0,3.0,16.0,2.0,9.0,10.0,3.0,0.0,0.0,3.0,1.0,0.0,57.0,0.0,1.0,1.0,0.0,0.0,0.0,1.0,1.0,0.0,0.0,0.0,0.0,0.0,0.0,72.8,0,1,1,0,4.0,40.0,13.0,32.0,25.0,3,3,1
50,2018-03-03,7.0,10.0,10.0,2.0,6.0,1.0,4.0,0.0,1.0,0.0,2.0,2.0,45.0,0.0,0.0,0.0,1.0,1.0,1.0,0.0,1.0,0.0,0.0,0.0,0.0,0.0,0.0,73.6,0,1,1,0,5.0,23.0,17.0,31.0,14.0,5,3,3
51,2018-03-05,8.0,16.0,19.0,5.0,8.0,9.0,11.0,6.0,1.0,17.0,11.0,4.0,115.0,1.0,0.0,0.0,0.0,0.0,0.0,0.0,0.0,0.0,0.0,0.0,0.0,0.0,0.0,73.8,0,1,1,0,39.0,52.0,24.0,60.0,55.0,0,3,5
52,2018-03-08,30.0,12.0,24.0,7.0,17.0,21.0,13.0,3.0,0.0,5.0,1.0,3.0,136.0,0.0,1.0,1.0,0.0,0.0,0.0,0.0,0.0,0.0,0.0,0.0,0.0,0.0,0.0,72.6,0,1,1,0,12.0,82.0,42.0,82.0,54.0,3,3,8
53,2018-03-10,,,,,,,,0.0,2.0,1.0,3.0,6.0,12.0,0.0,0.0,0.0,0.0,0.0,0.0,0.0,0.0,1.0,0.0,0.0,0.0,0.0,0.0,73.4,0,1,0,0,12.0,,,0.0,12.0,5,3,10
54,2018-03-11,28.0,13.0,7.0,4.0,5.0,8.0,2.0,,,,,,67.0,0.0,0.0,0.0,1.0,1.0,1.0,0.0,1.0,0.0,0.0,0.0,0.0,0.0,0.0,73.2,0,1,0,0,,26.0,41.0,50.0,17.0,6,3,11
55,2018-03-13,2.0,8.0,12.0,2.0,0.0,0.0,3.0,5.0,4.0,4.0,3.0,2.0,45.0,1.0,0.0,0.0,0.0,0.0,0.0,0.0,0.0,0.0,0.0,0.0,0.0,0.0,0.0,72.4,0,1,1,0,18.0,17.0,10.0,30.0,15.0,1,3,13
56,2018-03-15,17.0,16.0,14.0,6.0,5.0,12.0,10.0,0.0,1.0,0.0,1.0,0.0,82.0,0.0,1.0,1.0,0.0,0.0,0.0,1.0,1.0,0.0,0.0,0.0,0.0,1.0,0.0,73.6,0,1,1,0,2.0,47.0,33.0,57.0,25.0,3,3,15
57,2018-03-17,,,,,,,,1.0,2.0,12.0,1.0,3.0,19.0,0.0,0.0,0.0,0.0,1.0,0.0,0.0,1.0,0.0,0.0,0.0,0.0,0.0,0.0,74.0,0,1,0,0,19.0,,,1.0,18.0,5,3,17
58,2018-03-18,16.0,10.0,8.0,4.0,3.0,10.0,9.0,,,,,,60.0,0.0,0.0,0.0,1.0,0.0,1.0,1.0,1.0,0.0,0.0,0.0,0.0,0.0,0.0,74.0,0,1,0,0,,34.0,26.0,43.0,17.0,6,3,18
59,2018-03-20,7.0,12.0,11.0,2.0,6.0,5.0,5.0,3.0,2.0,2.0,3.0,1.0,59.0,1.0,0.0,0.0,0.0,0.0,0.0,1.0,1.0,0.0,0.0,0.0,0.0,0.0,0.0,73.8,0,1,1,0,11.0,29.0,19.0,38.0,21.0,1,3,20
60,2018-03-22,11.0,5.0,2.0,6.0,1.0,1.0,0.0,0.0,1.0,0.0,1.0,3.0,31.0,0.0,1.0,0.0,0.0,0.0,0.0,1.0,1.0,0.0,0.0,0.0,0.0,0.0,0.0,74.0,0,1,1,0,5.0,10.0,16.0,18.0,13.0,3,3,22
61,2018-03-24,,,,,,,,0.0,2.0,3.0,2.0,0.0,7.0,0.0,0.0,0.0,0.0,1.0,0.0,0.0,1.0,0.0,0.0,0.0,0.0,0.0,0.0,74.2,0,1,0,0,7.0,,,0.0,7.0,5,3,24
62,2018-03-25,25.0,23.0,2.0,0.0,1.0,5.0,2.0,,,,,,58.0,0.0,0.0,0.0,1.0,0.0,1.0,0.0,1.0,0.0,0.0,0.0,0.0,0.0,0.0,74.4,0,1,0,0,,10.0,48.0,52.0,6.0,6,3,25
63,2018-03-27,6.0,11.0,0.0,0.0,0.0,1.0,0.0,7.0,6.0,11.0,1.0,1.0,44.0,1.0,0.0,0.0,0.0,0.0,0.0,0.0,0.0,0.0,0.0,0.0,0.0,0.0,0.0,73.8,0,1,1,0,26.0,1.0,17.0,24.0,20.0,1,3,27
64,2018-03-29,17.0,5.0,22.0,5.0,9.0,14.0,12.0,0.0,0.0,0.0,1.0,1.0,86.0,0.0,1.0,0.0,0.0,0.0,0.0,1.0,1.0,0.0,0.0,0.0,0.0,0.0,0.0,74.4,0,1,1,0,2.0,62.0,22.0,56.0,30.0,3,3,29
65,2018-03-31,,,,,,,,4.0,0.0,3.0,1.0,0.0,8.0,0.0,0.0,0.0,0.0,1.0,0.0,0.0,1.0,0.0,0.0,0.0,0.0,0.0,0.0,74.4,0,1,0,0,8.0,,,4.0,4.0,5,3,31
66,2018-04-01,14.0,14.0,15.0,5.0,13.0,9.0,4.0,,,,,,74.0,0.0,0.0,0.0,1.0,0.0,1.0,0.0,1.0,0.0,0.0,0.0,0.0,0.0,0.0,74.4,0,1,0,1,,46.0,28.0,47.0,27.0,6,4,1
67,2018-04-03,1.0,3.0,17.0,8.0,1.0,6.0,2.0,3.0,8.0,11.0,6.0,0.0,66.0,1.0,0.0,0.0,0.0,0.0,0.0,1.0,1.0,0.0,0.0,0.0,0.0,0.0,0.0,74.6,0,1,1,1,28.0,34.0,4.0,26.0,40.0,1,4,3
68,2018-04-05,17.0,11.0,27.0,7.0,11.0,12.0,3.0,2.0,0.0,2.0,0.0,5.0,97.0,0.0,1.0,0.0,0.0,0.0,0.0,1.0,1.0,0.0,0.0,0.0,0.0,0.0,0.0,74.4,0,1,1,1,9.0,60.0,28.0,60.0,37.0,3,4,5
69,2018-04-07,,,,,,,,5.0,1.0,5.0,1.0,5.0,17.0,0.0,0.0,0.0,0.0,1.0,0.0,0.0,0.0,0.0,0.0,0.0,0.0,0.0,0.0,74.6,0,1,0,1,17.0,,,5.0,12.0,5,4,7
70,2018-04-08,7.0,12.0,5.0,7.0,6.0,0.0,1.0,,,,,,38.0,0.0,0.0,0.0,1.0,0.0,1.0,0.0,1.0,0.0,0.0,0.0,0.0,0.0,0.0,74.6,0,1,0,1,,19.0,19.0,25.0,13.0,6,4,8
71,2018-04-10,7.0,8.0,9.0,6.0,6.0,5.0,4.0,5.0,1.0,4.0,4.0,7.0,66.0,1.0,0.0,0.0,0.0,0.0,0.0,1.0,1.0,0.0,0.0,0.0,0.0,0.0,0.0,74.4,0,1,1,1,21.0,30.0,15.0,33.0,33.0,1,4,10
72,2018-04-12,5.0,0.0,7.0,2.0,1.0,4.0,6.0,1.0,1.0,0.0,2.0,2.0,31.0,0.0,1.0,0.0,0.0,0.0,0.0,1.0,1.0,0.0,0.0,0.0,0.0,0.0,0.0,75.0,0,1,1,1,6.0,20.0,5.0,19.0,12.0,3,4,12
73,2018-04-14,,,,,,,,3.0,9.0,4.0,4.0,1.0,21.0,0.0,0.0,0.0,0.0,1.0,0.0,0.0,0.0,0.0,0.0,0.0,0.0,0.0,0.0,74.8,0,1,0,1,21.0,,,3.0,18.0,5,4,14
74,2018-04-15,7.0,12.0,10.0,8.0,6.0,16.0,3.0,,,,,,62.0,0.0,0.0,0.0,1.0,0.0,1.0,0.0,1.0,0.0,0.0,0.0,0.0,0.0,0.0,74.8,0,1,0,1,,43.0,19.0,32.0,30.0,6,4,15
75,2018-04-17,10.0,7.0,17.0,11.0,6.0,14.0,12.0,6.0,5.0,8.0,4.0,5.0,105.0,1.0,0.0,0.0,0.0,0.0,0.0,0.0,1.0,0.0,0.0,0.0,0.0,0.0,0.0,74.4,0,1,1,1,28.0,60.0,17.0,52.0,53.0,1,4,17
76,2018-04-19,16.0,12.0,7.0,11.0,11.0,7.0,7.0,1.0,2.0,2.0,2.0,5.0,83.0,0.0,1.0,0.0,0.0,0.0,0.0,0.0,0.0,0.0,0.0,0.0,0.0,0.0,0.0,74.4,0,1,1,1,12.0,43.0,28.0,43.0,40.0,3,4,19
77,2018-04-21,,,,,,,,2.0,4.0,4.0,2.0,2.0,14.0,0.0,0.0,0.0,0.0,1.0,0.0,0.0,1.0,0.0,0.0,0.0,0.0,0.0,0.0,74.6,0,1,0,1,14.0,,,2.0,12.0,5,4,21
78,2018-04-22,,,10.0,11.0,3.0,6.0,1.0,,,,,,31.0,0.0,0.0,0.0,1.0,0.0,1.0,0.0,1.0,0.0,0.0,0.0,0.0,0.0,0.0,74.4,0,1,0,1,,31.0,,11.0,20.0,6,4,22
79,2018-04-24,5.0,9.0,11.0,5.0,4.0,5.0,10.0,3.0,1.0,3.0,6.0,5.0,67.0,1.0,0.0,0.0,0.0,0.0,0.0,0.0,0.0,0.0,0.0,0.0,0.0,0.0,0.0,74.8,0,1,1,1,18.0,35.0,14.0,38.0,29.0,1,4,24
80,2018-04-26,28.0,8.0,6.0,6.0,13.0,12.0,22.0,2.0,0.0,5.0,2.0,1.0,105.0,0.0,1.0,0.0,0.0,0.0,0.0,0.0,1.0,0.0,0.0,0.0,0.0,0.0,0.0,74.2,0,1,1,1,10.0,59.0,36.0,66.0,39.0,3,4,26
81,2018-04-28,,,,,,,,3.0,7.0,9.0,5.0,9.0,33.0,0.0,0.0,0.0,0.0,1.0,0.0,0.0,1.0,0.0,0.0,0.0,0.0,0.0,0.0,75.0,0,1,0,1,33.0,,,3.0,30.0,5,4,28
82,2018-04-29,13.0,6.0,7.0,6.0,6.0,6.0,9.0,,,,,,53.0,0.0,0.0,0.0,1.0,0.0,1.0,0.0,1.0,0.0,0.0,0.0,0.0,0.0,0.0,75.0,0,1,0,1,,34.0,19.0,35.0,18.0,6,4,29
83,2018-05-01,8.0,9.0,12.0,7.0,13.0,8.0,13.0,4.0,3.0,7.0,3.0,1.0,88.0,1.0,0.0,0.0,0.0,0.0,0.0,1.0,1.0,0.0,0.0,0.0,0.0,0.0,0.0,74.8,0,1,1,1,18.0,53.0,17.0,46.0,42.0,1,5,1
84,2018-05-03,6.0,5.0,15.0,1.0,10.0,6.0,13.0,1.0,2.0,1.0,8.0,1.0,69.0,0.0,1.0,1.0,0.0,0.0,0.0,1.0,1.0,0.0,0.0,0.0,0.0,0.0,0.0,74.4,0,1,1,1,13.0,45.0,11.0,40.0,29.0,3,5,3
85,2018-05-05,,,,,,,,2.0,3.0,5.0,4.0,6.0,20.0,0.0,0.0,0.0,0.0,1.0,0.0,0.0,1.0,0.0,0.0,0.0,0.0,0.0,0.0,75.6,0,1,0,1,20.0,,,2.0,18.0,5,5,5
86,2018-05-06,12.0,12.0,9.0,2.0,3.0,6.0,3.0,,,,,,47.0,0.0,0.0,0.0,1.0,0.0,1.0,0.0,1.0,0.0,0.0,0.0,0.0,0.0,0.0,75.2,0,1,0,1,,23.0,24.0,36.0,11.0,6,5,6
87,2018-05-08,9.0,12.0,9.0,3.0,13.0,6.0,12.0,4.0,5.0,7.0,10.0,4.0,94.0,1.0,0.0,0.0,0.0,0.0,0.0,1.0,1.0,0.0,0.0,0.0,0.0,0.0,0.0,75.4,0,1,1,1,30.0,43.0,21.0,46.0,48.0,1,5,8
88,2018-05-10,9.0,7.0,4.0,5.0,7.0,6.0,6.0,5.0,1.0,0.0,1.0,7.0,58.0,0.0,1.0,1.0,0.0,0.0,0.0,1.0,1.0,0.0,0.0,0.0,0.0,0.0,0.0,75.6,0,1,1,1,14.0,28.0,16.0,31.0,27.0,3,5,10
89,2018-05-12,,,,,,,,4.0,5.0,2.0,3.0,5.0,19.0,0.0,0.0,0.0,0.0,1.0,0.0,0.0,0.0,0.0,0.0,0.0,0.0,1.0,0.0,75.4,0,1,0,1,19.0,,,4.0,15.0,5,5,12
90,2018-05-13,32.0,8.0,28.0,5.0,16.0,7.0,13.0,,,,,,109.0,0.0,0.0,0.0,1.0,0.0,1.0,0.0,0.0,0.0,0.0,0.0,0.0,0.0,0.0,76.2,0,1,0,0,,69.0,40.0,81.0,28.0,6,5,13
91,2018-05-15,4.0,5.0,9.0,6.0,12.0,12.0,9.0,2.0,8.0,9.0,7.0,4.0,87.0,0.0,1.0,0.0,0.0,0.0,0.0,1.0,1.0,0.0,0.0,0.0,0.0,0.0,0.0,76.0,0,1,1,0,30.0,48.0,9.0,29.0,58.0,1,5,15
92,2018-05-17,5.0,8.0,7.0,7.0,1.0,3.0,12.0,2.0,1.0,0.0,6.0,0.0,52.0,0.0,1.0,0.0,0.0,0.0,0.0,1.0,1.0,0.0,0.0,0.0,0.0,0.0,0.0,75.6,0,1,1,0,9.0,30.0,13.0,34.0,18.0,3,5,17
93,2018-05-19,,,,,,,,2.0,1.0,3.0,2.0,2.0,10.0,0.0,0.0,0.0,0.0,1.0,0.0,0.0,1.0,0.0,0.0,0.0,0.0,1.0,0.0,76.4,0,1,0,0,10.0,,,2.0,8.0,5,5,19
94,2018-05-20,16.0,11.0,6.0,3.0,7.0,9.0,7.0,,,,,,59.0,0.0,0.0,0.0,1.0,0.0,1.0,0.0,1.0,0.0,0.0,0.0,0.0,0.0,0.0,76.4,0,1,0,0,,32.0,27.0,40.0,19.0,6,5,20
95,2018-05-22,11.0,5.0,14.0,6.0,9.0,4.0,4.0,2.0,9.0,6.0,4.0,7.0,81.0,1.0,0.0,1.0,0.0,0.0,0.0,1.0,1.0,0.0,0.0,0.0,0.0,0.0,0.0,76.2,0,1,1,0,28.0,37.0,16.0,36.0,45.0,1,5,22
96,2018-05-24,12.0,10.0,13.0,0.0,8.0,2.0,17.0,0.0,0.0,6.0,0.0,1.0,69.0,0.0,0.0,0.0,0.0,0.0,0.0,1.0,1.0,0.0,1.0,0.0,0.0,0.0,0.0,76.2,0,1,1,0,7.0,40.0,22.0,52.0,17.0,3,5,24
97,2018-05-26,,,,,,,,1.0,4.0,8.0,2.0,7.0,22.0,0.0,0.0,0.0,0.0,1.0,0.0,0.0,1.0,0.0,0.0,0.0,0.0,0.0,0.0,76.0,0,1,0,0,22.0,,,1.0,21.0,5,5,26
98,2018-05-27,19.0,12.0,7.0,4.0,8.0,4.0,9.0,,,,,,63.0,0.0,0.0,0.0,1.0,0.0,1.0,0.0,1.0,0.0,0.0,0.0,0.0,0.0,0.0,76.4,0,1,0,0,,32.0,31.0,47.0,16.0,6,5,27
99,2018-05-29,9.0,2.0,3.0,2.0,9.0,2.0,6.0,1.0,4.0,5.0,4.0,0.0,47.0,1.0,0.0,0.0,0.0,0.0,0.0,0.0,0.0,0.0,0.0,0.0,0.0,0.0,0.0,76.4,0,1,1,0,14.0,22.0,11.0,21.0,26.0,1,5,29
100,2018-05-31,20.0,8.0,9.0,6.0,9.0,13.0,17.0,2.0,2.0,8.0,5.0,3.0,102.0,0.0,1.0,1.0,0.0,0.0,0.0,1.0,1.0,0.0,0.0,0.0,0.0,1.0,0.0,76.8,0,1,1,0,20.0,54.0,28.0,56.0,46.0,3,5,31
101,2018-06-02,,,,,,,,0.0,1.0,4.0,1.0,7.0,13.0,0.0,0.0,0.0,0.0,1.0,0.0,0.0,1.0,0.0,0.0,0.0,0.0,0.0,0.0,76.4,0,1,0,0,13.0,,,0.0,13.0,5,6,2
102,2018-06-03,11.0,12.0,3.0,4.0,0.0,6.0,4.0,,,,,,40.0,0.0,0.0,0.0,1.0,0.0,1.0,0.0,1.0,0.0,0.0,0.0,0.0,0.0,0.0,77.0,0,1,0,0,,17.0,23.0,30.0,10.0,6,6,3
103,2018-06-05,15.0,11.0,11.0,6.0,4.0,4.0,2.0,5.0,0.0,10.0,0.0,0.0,68.0,1.0,0.0,0.0,0.0,0.0,0.0,1.0,1.0,0.0,0.0,0.0,0.0,0.0,0.0,76.6,0,1,1,0,15.0,27.0,26.0,44.0,24.0,1,6,5
104,2018-06-07,1.0,17.0,8.0,5.0,7.0,17.0,10.0,7.0,5.0,10.0,6.0,2.0,95.0,0.0,0.0,1.0,0.0,0.0,0.0,1.0,1.0,0.0,0.0,0.0,0.0,0.0,1.0,77.0,0,1,1,0,30.0,47.0,18.0,43.0,52.0,3,6,7
105,2018-06-09,,,,,,,,3.0,3.0,8.0,3.0,5.0,22.0,0.0,0.0,0.0,0.0,1.0,0.0,0.0,1.0,0.0,0.0,0.0,0.0,1.0,0.0,77.2,0,1,0,0,22.0,,,3.0,19.0,5,6,9
106,2018-06-10,12.0,10.0,7.0,5.0,7.0,3.0,11.0,,,,,,55.0,0.0,0.0,0.0,1.0,0.0,1.0,0.0,1.0,0.0,0.0,0.0,0.0,0.0,0.0,76.8,0,1,0,0,,33.0,22.0,40.0,15.0,6,6,10
107,2018-06-12,12.0,9.0,19.0,7.0,14.0,14.0,13.0,1.0,3.0,1.0,4.0,1.0,98.0,1.0,0.0,0.0,0.0,0.0,0.0,0.0,1.0,0.0,0.0,0.0,0.0,0.0,0.0,76.6,0,1,1,0,10.0,67.0,21.0,54.0,44.0,1,6,12
108,2018-06-14,16.0,9.0,3.0,2.0,7.0,4.0,10.0,1.0,2.0,6.0,6.0,6.0,72.0,0.0,0.0,1.0,0.0,0.0,0.0,1.0,1.0,0.0,1.0,0.0,0.0,0.0,1.0,76.6,0,1,1,0,21.0,26.0,25.0,39.0,33.0,3,6,14
109,2018-06-15,,,,,,,,4.0,3.0,11.0,3.0,4.0,25.0,0.0,0.0,0.0,0.0,1.0,0.0,0.0,1.0,0.0,0.0,0.0,0.0,0.0,0.0,76.6,0,1,0,0,25.0,,,4.0,21.0,4,6,15
110,2018-06-17,7.0,12.0,3.0,4.0,5.0,3.0,3.0,,,,,,37.0,0.0,0.0,0.0,1.0,0.0,1.0,0.0,1.0,0.0,0.0,0.0,0.0,0.0,0.0,76.6,0,1,0,0,,18.0,19.0,25.0,12.0,6,6,17
111,2018-06-19,10.0,11.0,13.0,11.0,9.0,13.0,11.0,7.0,6.0,7.0,2.0,3.0,103.0,1.0,0.0,0.0,0.0,0.0,0.0,1.0,1.0,0.0,0.0,0.0,0.0,0.0,0.0,76.6,0,1,1,0,25.0,57.0,21.0,52.0,51.0,1,6,19
112,2018-06-21,12.0,10.0,8.0,3.0,2.0,3.0,3.0,5.0,3.0,2.0,0.0,0.0,51.0,0.0,0.0,0.0,0.0,0.0,0.0,1.0,0.0,1.0,1.0,0.0,0.0,1.0,0.0,76.6,0,1,1,0,10.0,19.0,22.0,38.0,13.0,3,6,21
113,2018-06-23,,,,,,,,5.0,4.0,5.0,5.0,14.0,33.0,0.0,0.0,0.0,0.0,1.0,0.0,0.0,1.0,0.0,1.0,0.0,0.0,0.0,0.0,76.8,0,1,0,0,33.0,,,5.0,28.0,5,6,23
114,2018-06-24,10.0,11.0,8.0,2.0,8.0,7.0,6.0,,,,,,52.0,0.0,0.0,0.0,1.0,0.0,1.0,0.0,1.0,0.0,0.0,0.0,0.0,0.0,0.0,77.2,0,1,0,0,,31.0,21.0,35.0,17.0,6,6,24
115,2018-06-26,4.0,8.0,3.0,4.0,4.0,10.0,6.0,1.0,6.0,6.0,3.0,3.0,58.0,1.0,0.0,0.0,0.0,1.0,0.0,0.0,0.0,0.0,0.0,0.0,0.0,0.0,0.0,76.6,0,1,1,0,19.0,27.0,12.0,22.0,36.0,1,6,26
116,2018-06-28,15.0,18.0,12.0,10.0,8.0,9.0,9.0,4.0,2.0,10.0,5.0,5.0,107.0,0.0,0.0,1.0,0.0,1.0,0.0,0.0,1.0,0.0,0.0,1.0,0.0,0.0,0.0,76.8,0,1,1,0,26.0,48.0,33.0,58.0,49.0,3,6,28
117,2018-06-30,,,,,,,,7.0,6.0,8.0,1.0,9.0,31.0,0.0,0.0,0.0,0.0,1.0,0.0,0.0,1.0,0.0,0.0,0.0,0.0,0.0,0.0,76.8,0,1,0,0,31.0,,,7.0,24.0,5,6,30
118,2018-07-01,4.0,19.0,11.0,4.0,6.0,5.0,4.0,,,,,,53.0,0.0,0.0,0.0,0.0,1.0,0.0,0.0,1.0,0.0,0.0,0.0,0.0,0.0,0.0,77.4,0,1,0,0,,30.0,23.0,38.0,15.0,6,7,1
119,2018-07-03,15.0,9.0,9.0,4.0,6.0,3.0,4.0,0.0,1.0,6.0,3.0,3.0,63.0,0.0,0.0,1.0,1.0,0.0,0.0,1.0,1.0,0.0,0.0,0.0,0.0,0.0,1.0,76.6,0,1,1,0,13.0,26.0,24.0,37.0,26.0,1,7,3
120,2018-07-05,12.0,16.0,8.0,7.0,7.0,10.0,9.0,3.0,0.0,3.0,0.0,5.0,80.0,0.0,0.0,1.0,0.0,0.0,1.0,0.0,1.0,0.0,0.0,0.0,0.0,0.0,0.0,76.6,0,1,1,0,11.0,41.0,28.0,48.0,32.0,3,7,5
121,2018-07-07,,,,,,,,4.0,5.0,12.0,0.0,7.0,28.0,0.0,0.0,0.0,0.0,1.0,0.0,0.0,0.0,0.0,0.0,0.0,0.0,0.0,0.0,77.2,0,1,0,0,28.0,,,4.0,24.0,5,7,7
122,2018-07-08,10.0,11.0,8.0,1.0,3.0,9.0,6.0,,,,,,48.0,0.0,0.0,0.0,1.0,0.0,1.0,0.0,1.0,0.0,0.0,0.0,0.0,0.0,0.0,77.2,0,1,0,0,,27.0,21.0,35.0,13.0,6,7,8
123,2018-07-10,10.0,10.0,9.0,9.0,7.0,7.0,10.0,5.0,7.0,7.0,1.0,4.0,86.0,1.0,0.0,0.0,0.0,0.0,0.0,0.0,1.0,0.0,0.0,0.0,0.0,0.0,0.0,78.2,0,1,1,0,24.0,42.0,20.0,44.0,42.0,1,7,10
124,2018-07-12,7.0,3.0,5.0,8.0,2.0,9.0,8.0,2.0,3.0,1.0,0.0,1.0,49.0,0.0,1.0,1.0,0.0,0.0,0.0,0.0,1.0,0.0,0.0,0.0,0.0,0.0,0.0,78.4,0,1,1,0,7.0,32.0,10.0,25.0,24.0,3,7,12
125,2018-07-14,,,,,,,,10.0,6.0,9.0,4.0,7.0,36.0,0.0,0.0,0.0,0.0,1.0,0.0,0.0,1.0,0.0,0.0,0.0,0.0,0.0,0.0,78.2,0,1,0,0,36.0,,,10.0,26.0,5,7,14
126,2018-07-15,9.0,7.0,5.0,3.0,4.0,5.0,2.0,,,,,,35.0,0.0,0.0,0.0,1.0,0.0,1.0,0.0,1.0,0.0,0.0,0.0,0.0,0.0,0.0,78.6,0,1,0,0,,19.0,16.0,23.0,12.0,6,7,15
127,2018-07-17,8.0,2.0,3.0,10.0,3.0,6.0,7.0,3.0,4.0,9.0,3.0,1.0,59.0,1.0,0.0,0.0,0.0,0.0,0.0,0.0,0.0,0.0,0.0,0.0,0.0,0.0,0.0,78.4,0,1,1,0,20.0,29.0,10.0,23.0,36.0,1,7,17
128,2018-07-19,10.0,9.0,10.0,6.0,10.0,7.0,6.0,2.0,1.0,2.0,3.0,1.0,67.0,0.0,0.0,0.0,0.0,0.0,0.0,0.0,0.0,0.0,0.0,0.0,0.0,0.0,0.0,78.4,0,1,1,0,9.0,39.0,19.0,37.0,30.0,3,7,19
129,2018-07-21,,,,,,,,1.0,4.0,10.0,13.0,14.0,42.0,0.0,0.0,0.0,0.0,1.0,0.0,0.0,1.0,0.0,0.0,0.0,0.0,0.0,0.0,78.6,0,1,0,0,42.0,,,1.0,41.0,5,7,21
130,2018-07-22,12.0,10.0,8.0,5.0,7.0,8.0,4.0,,,,,,54.0,0.0,0.0,0.0,1.0,0.0,1.0,0.0,1.0,0.0,0.0,0.0,0.0,0.0,0.0,78.4,0,1,0,0,,32.0,22.0,34.0,20.0,6,7,22
131,2018-07-24,5.0,7.0,5.0,8.0,7.0,14.0,4.0,5.0,6.0,11.0,1.0,4.0,77.0,1.0,0.0,0.0,0.0,0.0,0.0,0.0,1.0,0.0,0.0,0.0,0.0,0.0,0.0,78.6,0,1,1,0,27.0,38.0,12.0,26.0,51.0,1,7,24
132,2018-07-26,12.0,7.0,8.0,8.0,9.0,5.0,1.0,0.0,1.0,3.0,1.0,5.0,60.0,0.0,1.0,1.0,0.0,0.0,0.0,0.0,0.0,0.0,0.0,0.0,0.0,0.0,0.0,78.6,0,1,1,1,10.0,31.0,19.0,28.0,32.0,3,7,26
133,2018-07-28,,,,,,,,0.0,7.0,4.0,3.0,12.0,26.0,0.0,0.0,0.0,0.0,1.0,0.0,0.0,1.0,0.0,0.0,0.0,0.0,0.0,0.0,78.6,0,1,0,1,26.0,,,0.0,26.0,5,7,28
134,2018-07-29,3.0,8.0,6.0,5.0,9.0,4.0,5.0,,,,,,40.0,0.0,0.0,0.0,1.0,0.0,1.0,0.0,1.0,0.0,0.0,0.0,0.0,0.0,0.0,77.8,0,1,0,1,,29.0,11.0,22.0,18.0,6,7,29
135,2018-07-31,22.0,16.0,10.0,5.0,7.0,12.0,6.0,0.0,10.0,6.0,0.0,5.0,99.0,1.0,0.0,0.0,0.0,0.0,0.0,1.0,1.0,0.0,0.0,0.0,0.0,0.0,0.0,78.0,0,1,1,1,21.0,40.0,38.0,54.0,45.0,1,7,31
136,2018-08-02,7.0,13.0,14.0,6.0,9.0,9.0,12.0,1.0,2.0,7.0,4.0,1.0,85.0,0.0,1.0,1.0,0.0,0.0,0.0,1.0,1.0,0.0,0.0,0.0,0.0,0.0,0.0,77.8,0,1,1,1,15.0,50.0,20.0,47.0,38.0,3,8,2
137,2018-08-04,,,,,,,,5.0,4.0,7.0,11.0,18.0,45.0,0.0,0.0,0.0,0.0,1.0,0.0,0.0,0.0,0.0,0.0,0.0,0.0,0.0,0.0,78.4,0,1,0,1,45.0,,,5.0,40.0,5,8,4
138,2018-08-05,8.0,14.0,10.0,10.0,11.0,7.0,3.0,,,,,,63.0,0.0,0.0,0.0,1.0,0.0,1.0,0.0,1.0,0.0,0.0,0.0,0.0,0.0,0.0,78.0,0,1,0,1,,41.0,22.0,35.0,28.0,6,8,5
139,2018-08-07,7.0,10.0,25.0,7.0,6.0,6.0,11.0,1.0,7.0,13.0,14.0,6.0,113.0,1.0,0.0,0.0,0.0,0.0,0.0,1.0,1.0,0.0,0.0,0.0,0.0,0.0,0.0,77.4,0,1,1,1,41.0,55.0,17.0,54.0,59.0,1,8,7
140,2018-08-09,6.0,11.0,15.0,13.0,8.0,14.0,17.0,1.0,4.0,8.0,9.0,5.0,111.0,0.0,1.0,1.0,0.0,0.0,0.0,1.0,1.0,0.0,0.0,0.0,0.0,0.0,0.0,77.4,0,1,1,1,27.0,67.0,17.0,50.0,61.0,3,8,9
141,2018-08-11,,,,,,,,0.0,6.0,3.0,1.0,7.0,17.0,0.0,0.0,0.0,0.0,1.0,0.0,0.0,1.0,0.0,0.0,0.0,0.0,0.0,0.0,78.2,0,1,0,1,17.0,,,0.0,17.0,5,8,11
142,2018-08-12,6.0,9.0,10.0,11.0,10.0,12.0,4.0,,,,,,62.0,0.0,0.0,0.0,1.0,0.0,1.0,0.0,1.0,0.0,0.0,0.0,0.0,0.0,0.0,78.0,0,1,0,1,,47.0,15.0,29.0,33.0,6,8,12
143,2018-08-14,17.0,11.0,6.0,4.0,7.0,5.0,8.0,5.0,13.0,3.0,6.0,8.0,93.0,1.0,0.0,0.0,0.0,0.0,0.0,0.0,0.0,0.0,0.0,0.0,0.0,0.0,0.0,77.6,0,1,1,1,35.0,30.0,28.0,47.0,46.0,1,8,14
144,2018-08-16,5.0,1.0,9.0,6.0,9.0,9.0,6.0,3.0,6.0,4.0,2.0,5.0,65.0,0.0,1.0,1.0,0.0,0.0,0.0,1.0,1.0,0.0,0.0,0.0,0.0,0.0,0.0,77.4,0,1,1,1,20.0,39.0,6.0,24.0,41.0,3,8,16
145,2018-08-18,,,,,,,,1.0,4.0,3.0,8.0,4.0,20.0,0.0,0.0,0.0,0.0,1.0,0.0,1.0,0.0,0.0,0.0,0.0,0.0,0.0,0.0,77.6,0,1,0,1,20.0,,,1.0,19.0,5,8,18
146,2018-08-19,8.0,13.0,11.0,5.0,5.0,5.0,4.0,,,,,,51.0,0.0,0.0,0.0,1.0,0.0,1.0,0.0,1.0,0.0,0.0,0.0,0.0,0.0,0.0,77.4,0,1,0,1,,30.0,21.0,36.0,15.0,6,8,19
147,2018-08-21,13.0,8.0,6.0,4.0,5.0,4.0,10.0,1.0,4.0,6.0,1.0,0.0,62.0,1.0,0.0,0.0,0.0,0.0,0.0,1.0,1.0,0.0,0.0,0.0,0.0,0.0,0.0,77.2,0,1,1,1,12.0,29.0,21.0,38.0,24.0,1,8,21
148,2018-08-23,9.0,2.0,7.0,3.0,8.0,6.0,6.0,0.0,1.0,3.0,3.0,6.0,54.0,0.0,1.0,1.0,0.0,0.0,0.0,1.0,1.0,1.0,0.0,0.0,0.0,0.0,0.0,77.4,0,1,1,1,13.0,30.0,11.0,24.0,30.0,3,8,23
149,2018-08-25,,,,,,,,14.0,10.0,4.0,9.0,10.0,47.0,0.0,0.0,0.0,0.0,1.0,0.0,0.0,0.0,0.0,0.0,0.0,0.0,0.0,0.0,78.0,0,1,0,1,47.0,,,14.0,33.0,5,8,25
150,2018-08-26,10.0,14.0,6.0,8.0,6.0,4.0,2.0,,,,,,50.0,0.0,0.0,0.0,1.0,0.0,1.0,0.0,1.0,0.0,0.0,0.0,0.0,0.0,0.0,77.8,0,1,0,1,,26.0,24.0,32.0,18.0,6,8,26
151,2018-08-28,12.0,5.0,9.0,9.0,6.0,3.0,10.0,3.0,9.0,2.0,1.0,4.0,73.0,1.0,0.0,0.0,0.0,0.0,0.0,1.0,1.0,0.0,0.0,0.0,0.0,0.0,0.0,77.4,0,1,1,1,19.0,37.0,17.0,39.0,34.0,1,8,28
152,2018-08-30,3.0,4.0,12.0,7.0,6.0,14.0,11.0,0.0,4.0,1.0,0.0,2.0,64.0,0.0,1.0,1.0,0.0,0.0,0.0,1.0,1.0,0.0,0.0,0.0,0.0,0.0,0.0,76.8,0,1,1,1,7.0,50.0,7.0,30.0,34.0,3,8,30
153,2018-09-01,,,,,,,,0.0,1.0,0.0,1.0,3.0,5.0,0.0,0.0,0.0,0.0,1.0,0.0,0.0,1.0,0.0,0.0,0.0,0.0,0.0,0.0,77.4,0,1,0,1,5.0,,,0.0,5.0,5,9,1
154,2018-09-02,12.0,15.0,8.0,8.0,7.0,7.0,7.0,,,,,,64.0,0.0,0.0,0.0,1.0,0.0,1.0,0.0,1.0,0.0,0.0,0.0,0.0,0.0,0.0,76.8,0,1,0,1,,37.0,27.0,42.0,22.0,6,9,2
155,2018-09-04,18.0,8.0,7.0,3.0,3.0,4.0,5.0,2.0,1.0,2.0,1.0,5.0,59.0,1.0,0.0,0.0,0.0,0.0,0.0,1.0,1.0,0.0,0.0,0.0,0.0,0.0,0.0,76.6,0,1,1,1,11.0,22.0,26.0,40.0,19.0,1,9,4
156,2018-09-06,6.0,12.0,5.0,10.0,5.0,10.0,15.0,1.0,3.0,4.0,6.0,4.0,81.0,0.0,1.0,1.0,0.0,0.0,0.0,1.0,1.0,0.0,0.0,0.0,0.0,0.0,0.0,76.8,0,1,1,1,18.0,45.0,18.0,39.0,42.0,3,9,6
157,2018-09-08,,,,,,,,27.0,2.0,3.0,1.0,3.0,36.0,0.0,0.0,0.0,0.0,1.0,0.0,1.0,0.0,0.0,0.0,0.0,0.0,0.0,0.0,77.0,0,1,0,1,36.0,,,27.0,9.0,5,9,8
158,2018-09-09,16.0,13.0,10.0,13.0,7.0,14.0,5.0,,,,,,78.0,0.0,0.0,0.0,1.0,0.0,1.0,0.0,1.0,0.0,0.0,0.0,0.0,0.0,0.0,77.0,0,1,1,1,,49.0,29.0,44.0,34.0,6,9,9
159,2018-09-11,5.0,11.0,10.0,9.0,11.0,9.0,9.0,1.0,6.0,5.0,2.0,2.0,80.0,1.0,0.0,0.0,0.0,0.0,0.0,1.0,1.0,0.0,0.0,0.0,0.0,0.0,0.0,76.4,0,1,1,1,16.0,48.0,16.0,36.0,44.0,1,9,11
160,2018-09-13,12.0,14.0,13.0,14.0,4.0,9.0,13.0,0.0,3.0,1.0,0.0,1.0,84.0,0.0,1.0,1.0,0.0,0.0,0.0,1.0,1.0,0.0,0.0,0.0,0.0,0.0,0.0,76.0,0,1,1,1,5.0,53.0,26.0,52.0,32.0,3,9,13
161,2018-09-15,,,,,,,,3.0,4.0,4.0,5.0,11.0,27.0,0.0,0.0,0.0,0.0,1.0,0.0,0.0,0.0,0.0,0.0,0.0,0.0,0.0,0.0,76.0,0,1,0,1,27.0,,,3.0,24.0,5,9,15
162,2018-09-16,5.0,9.0,8.0,11.0,7.0,7.0,5.0,,,,,,52.0,0.0,0.0,0.0,1.0,0.0,1.0,0.0,1.0,0.0,0.0,0.0,0.0,0.0,0.0,76.2,0,1,0,1,,38.0,14.0,27.0,25.0,6,9,16
163,2018-09-18,6.0,11.0,3.0,2.0,4.0,9.0,8.0,3.0,4.0,5.0,0.0,9.0,64.0,1.0,0.0,0.0,0.0,0.0,0.0,0.0,0.0,0.0,0.0,0.0,0.0,0.0,0.0,76.0,0,1,1,1,21.0,26.0,17.0,31.0,33.0,1,9,18
164,2018-09-20,2.0,5.0,6.0,5.0,2.0,5.0,1.0,0.0,3.0,4.0,5.0,3.0,41.0,0.0,1.0,1.0,0.0,0.0,0.0,1.0,1.0,0.0,0.0,0.0,0.0,0.0,0.0,76.0,0,1,1,1,15.0,19.0,7.0,14.0,27.0,3,9,20
165,2018-09-22,,,,,,,,3.0,1.0,7.0,4.0,4.0,19.0,0.0,0.0,0.0,0.0,1.0,0.0,0.0,1.0,0.0,0.0,0.0,0.0,0.0,0.0,75.8,0,1,0,1,19.0,,,3.0,16.0,5,9,22
166,2018-09-23,6.0,7.0,3.0,12.0,5.0,6.0,3.0,,,,,,42.0,0.0,0.0,0.0,1.0,0.0,1.0,0.0,0.0,0.0,0.0,0.0,0.0,0.0,0.0,75.6,0,1,0,1,,29.0,13.0,19.0,23.0,6,9,23
167,2018-09-25,14.0,12.0,14.0,7.0,14.0,19.0,15.0,3.0,2.0,8.0,1.0,5.0,114.0,1.0,0.0,0.0,0.0,0.0,0.0,1.0,1.0,0.0,0.0,0.0,0.0,0.0,0.0,75.0,0,1,1,1,19.0,69.0,26.0,58.0,56.0,1,9,25
168,2018-09-27,5.0,3.0,4.0,6.0,2.0,5.0,5.0,0.0,1.0,4.0,2.0,5.0,42.0,0.0,0.0,1.0,0.0,0.0,0.0,1.0,1.0,0.0,0.0,1.0,0.0,0.0,0.0,75.0,0,1,1,1,12.0,22.0,8.0,17.0,25.0,3,9,27
169,2018-09-29,,,,,,,,2.0,2.0,3.0,9.0,3.0,19.0,0.0,0.0,0.0,0.0,1.0,0.0,0.0,1.0,0.0,0.0,0.0,0.0,0.0,0.0,75.6,0,1,0,1,19.0,,,2.0,17.0,5,9,29
170,2018-09-30,5.0,6.0,3.0,3.0,0.0,10.0,0.0,,,,,,27.0,0.0,0.0,0.0,1.0,0.0,1.0,0.0,1.0,0.0,0.0,0.0,0.0,0.0,0.0,75.4,0,1,0,1,,16.0,11.0,14.0,13.0,6,9,30
171,2018-10-02,13.0,0.0,14.0,12.0,8.0,9.0,12.0,3.0,8.0,5.0,0.0,7.0,91.0,1.0,0.0,1.0,0.0,0.0,0.0,1.0,1.0,0.0,0.0,0.0,0.0,0.0,0.0,75.0,0,1,1,1,23.0,55.0,13.0,42.0,49.0,1,10,2
172,2018-10-04,10.0,7.0,9.0,10.0,8.0,18.0,17.0,6.0,2.0,5.0,1.0,10.0,103.0,0.0,0.0,1.0,0.0,1.0,0.0,1.0,1.0,0.0,0.0,0.0,0.0,0.0,0.0,75.4,0,1,1,1,24.0,62.0,17.0,49.0,54.0,3,10,4
173,2018-10-06,,,,,,,,4.0,7.0,9.0,3.0,10.0,33.0,0.0,0.0,0.0,0.0,1.0,0.0,0.0,0.0,0.0,0.0,0.0,0.0,0.0,0.0,75.8,0,1,0,1,33.0,,,4.0,29.0,5,10,6
174,2018-10-07,7.0,5.0,6.0,4.0,8.0,7.0,7.0,,,,,,44.0,0.0,0.0,0.0,1.0,0.0,1.0,0.0,1.0,0.0,0.0,0.0,0.0,0.0,0.0,75.6,0,1,0,1,,32.0,12.0,25.0,19.0,6,10,7
175,2018-10-09,5.0,9.0,8.0,12.0,12.0,12.0,2.0,1.0,2.0,2.0,0.0,2.0,67.0,0.0,0.0,0.0,0.0,0.0,1.0,1.0,1.0,0.0,0.0,0.0,0.0,0.0,0.0,75.0,0,1,1,1,7.0,46.0,14.0,25.0,42.0,1,10,9
176,2018-10-11,17.0,1.0,6.0,10.0,6.0,14.0,14.0,4.0,1.0,3.0,0.0,1.0,77.0,0.0,0.0,1.0,0.0,0.0,1.0,1.0,1.0,0.0,0.0,0.0,0.0,0.0,0.0,75.4,0,1,1,1,9.0,50.0,18.0,42.0,35.0,3,10,11
177,2018-10-13,,,,,,,,5.0,3.0,6.0,0.0,4.0,18.0,0.0,0.0,0.0,0.0,1.0,0.0,0.0,1.0,0.0,0.0,0.0,0.0,0.0,0.0,74.4,0,1,0,1,18.0,,,5.0,13.0,5,10,13
178,2018-10-14,0.0,13.0,3.0,4.0,1.0,6.0,1.0,,,,,,28.0,0.0,0.0,0.0,1.0,0.0,1.0,0.0,1.0,0.0,0.0,0.0,0.0,0.0,0.0,74.2,0,1,0,1,,15.0,13.0,17.0,11.0,6,10,14
179,2018-10-16,14.0,11.0,6.0,12.0,6.0,4.0,4.0,2.0,3.0,12.0,1.0,9.0,84.0,0.0,0.0,0.0,0.0,0.0,0.0,1.0,1.0,1.0,1.0,0.0,0.0,0.0,1.0,73.6,0,1,1,1,27.0,32.0,25.0,37.0,47.0,1,10,16
180,2018-10-18,2.0,0.0,6.0,9.0,2.0,6.0,11.0,1.0,2.0,3.0,0.0,1.0,43.0,0.0,0.0,1.0,0.0,0.0,1.0,1.0,1.0,0.0,0.0,0.0,0.0,0.0,0.0,73.6,0,1,1,1,7.0,34.0,2.0,20.0,23.0,3,10,18
181,2018-10-20,,,,,,,,9.0,6.0,13.0,9.0,11.0,48.0,0.0,0.0,0.0,0.0,1.0,0.0,0.0,0.0,0.0,0.0,0.0,0.0,0.0,0.0,74.2,0,1,0,1,48.0,,,9.0,39.0,5,10,20
182,2018-10-21,16.0,5.0,14.0,20.0,5.0,16.0,4.0,,,,,,80.0,0.0,0.0,0.0,0.0,1.0,1.0,0.0,1.0,0.0,0.0,0.0,0.0,0.0,0.0,73.6,0,1,0,1,,59.0,21.0,39.0,41.0,6,10,21
183,2018-10-23,6.0,4.0,12.0,7.0,12.0,7.0,2.0,0.0,1.0,1.0,0.0,1.0,53.0,0.0,0.0,1.0,0.0,0.0,0.0,1.0,1.0,0.0,1.0,0.0,0.0,0.0,0.0,74.8,0,1,1,1,3.0,40.0,10.0,24.0,29.0,1,10,23
184,2018-10-25,0.0,12.0,13.0,8.0,11.0,8.0,8.0,2.0,0.0,5.0,3.0,5.0,75.0,0.0,0.0,0.0,0.0,1.0,1.0,1.0,1.0,0.0,0.0,0.0,0.0,0.0,0.0,74.6,0,1,1,1,15.0,48.0,12.0,35.0,40.0,3,10,25
185,2018-10-27,,,,,,,,0.0,5.0,0.0,2.0,6.0,13.0,0.0,0.0,0.0,0.0,0.0,0.0,0.0,1.0,1.0,0.0,0.0,0.0,0.0,0.0,74.4,0,1,0,1,13.0,,,0.0,13.0,5,10,27
186,2018-10-28,13.0,7.0,6.0,10.0,8.0,7.0,3.0,,,,,,54.0,0.0,0.0,0.0,0.0,0.0,1.0,0.0,1.0,0.0,0.0,0.0,0.0,0.0,0.0,74.8,0,1,0,1,,34.0,20.0,29.0,25.0,6,10,28
187,2018-10-30,8.0,1.0,5.0,11.0,7.0,5.0,9.0,1.0,4.0,5.0,3.0,7.0,66.0,1.0,0.0,0.0,0.0,0.0,0.0,1.0,1.0,0.0,0.0,0.0,0.0,0.0,0.0,74.4,0,1,1,1,20.0,37.0,9.0,24.0,42.0,1,10,30
188,2018-11-01,11.0,4.0,8.0,12.0,13.0,15.0,2.0,2.0,6.0,7.0,0.0,3.0,83.0,0.0,0.0,1.0,0.0,0.0,1.0,1.0,1.0,0.0,0.0,0.0,0.0,0.0,0.0,74.2,0,1,1,1,18.0,50.0,15.0,27.0,56.0,3,11,1
189,2018-11-03,,,,,,,,0.0,8.0,0.0,1.0,3.0,12.0,0.0,0.0,0.0,0.0,0.0,1.0,0.0,1.0,0.0,0.0,0.0,0.0,0.0,0.0,74.2,0,1,0,1,12.0,,,0.0,12.0,5,11,3
190,2018-11-04,4.0,3.0,2.0,10.0,9.0,3.0,3.0,,,,,,34.0,1.0,0.0,0.0,0.0,0.0,0.0,0.0,1.0,0.0,0.0,0.0,0.0,0.0,0.0,73.6,0,1,0,1,,27.0,7.0,12.0,22.0,6,11,4
191,2018-11-06,20.0,13.0,11.0,4.0,7.0,8.0,25.0,2.0,3.0,0.0,2.0,2.0,97.0,1.0,0.0,0.0,0.0,0.0,0.0,1.0,1.0,0.0,0.0,0.0,0.0,0.0,0.0,73.6,0,1,1,1,9.0,55.0,33.0,71.0,26.0,1,11,6
192,2018-11-08,1.0,0.0,5.0,7.0,7.0,13.0,2.0,0.0,2.0,1.0,1.0,3.0,42.0,0.0,0.0,1.0,0.0,0.0,0.0,1.0,1.0,0.0,0.0,1.0,0.0,0.0,0.0,73.6,0,1,1,1,7.0,34.0,1.0,8.0,34.0,3,11,8
193,2018-11-10,,,,,,,,4.0,10.0,15.0,8.0,6.0,43.0,0.0,0.0,0.0,0.0,1.0,0.0,0.0,0.0,0.0,0.0,0.0,0.0,0.0,0.0,73.2,0,1,0,1,43.0,,,4.0,39.0,5,11,10
194,2018-11-11,6.0,4.0,6.0,9.0,4.0,12.0,4.0,,,,,,45.0,0.0,0.0,0.0,1.0,0.0,1.0,0.0,0.0,0.0,0.0,0.0,0.0,0.0,0.0,73.6,0,1,0,1,,35.0,10.0,20.0,25.0,6,11,11
195,2018-11-13,3.0,5.0,8.0,1.0,3.0,6.0,10.0,0.0,6.0,5.0,0.0,0.0,47.0,1.0,0.0,0.0,0.0,0.0,0.0,1.0,1.0,0.0,0.0,0.0,0.0,0.0,0.0,73.4,0,1,1,1,11.0,28.0,8.0,26.0,21.0,1,11,13
196,2018-11-15,12.0,12.0,15.0,6.0,5.0,13.0,13.0,0.0,4.0,10.0,8.0,7.0,105.0,0.0,1.0,1.0,0.0,0.0,0.0,1.0,1.0,0.0,0.0,0.0,0.0,0.0,0.0,72.8,0,1,1,1,29.0,52.0,24.0,52.0,53.0,3,11,15
197,2018-11-17,,,,,,,,6.0,4.0,21.0,8.0,14.0,53.0,0.0,0.0,1.0,0.0,1.0,0.0,0.0,0.0,0.0,0.0,0.0,0.0,0.0,0.0,73.4,0,1,0,1,53.0,,,6.0,47.0,5,11,17
198,2018-11-18,13.0,12.0,12.0,2.0,11.0,16.0,3.0,,,,,,69.0,0.0,0.0,0.0,1.0,0.0,1.0,0.0,1.0,0.0,0.0,0.0,0.0,0.0,0.0,73.0,0,1,0,1,,44.0,25.0,40.0,29.0,6,11,18
199,2018-11-20,11.0,9.0,13.0,1.0,8.0,10.0,6.0,1.0,4.0,14.0,4.0,3.0,84.0,1.0,0.0,0.0,0.0,0.0,0.0,1.0,1.0,0.0,0.0,0.0,0.0,0.0,0.0,73.0,0,1,1,1,26.0,38.0,20.0,40.0,44.0,1,11,20
200,2018-11-24,,,,,,,,0.0,8.0,13.0,12.0,9.0,42.0,0.0,0.0,1.0,0.0,1.0,0.0,0.0,0.0,0.0,0.0,0.0,0.0,0.0,0.0,74.2,0,1,0,1,42.0,,,0.0,42.0,5,11,24
201,2018-11-25,17.0,14.0,9.0,12.0,5.0,11.0,9.0,,,,,,77.0,0.0,0.0,0.0,1.0,0.0,1.0,0.0,0.0,0.0,0.0,0.0,0.0,0.0,0.0,73.8,0,1,0,1,,46.0,31.0,49.0,28.0,6,11,25
202,2018-11-27,6.0,7.0,8.0,10.0,6.0,5.0,11.0,0.0,8.0,5.0,5.0,4.0,75.0,1.0,0.0,0.0,0.0,0.0,0.0,1.0,1.0,0.0,0.0,0.0,0.0,0.0,0.0,74.0,0,1,1,1,22.0,40.0,13.0,32.0,43.0,1,11,27
203,2018-11-29,12.0,1.0,6.0,4.0,8.0,8.0,9.0,0.0,0.0,5.0,0.0,3.0,56.0,0.0,1.0,1.0,0.0,0.0,0.0,1.0,1.0,0.0,0.0,0.0,0.0,0.0,0.0,73.8,0,1,1,1,8.0,35.0,13.0,28.0,28.0,3,11,29
204,2018-12-01,,,,,,,,1.0,10.0,2.0,9.0,14.0,36.0,0.0,0.0,0.0,0.0,1.0,0.0,0.0,0.0,0.0,0.0,0.0,0.0,0.0,0.0,73.6,0,1,0,1,36.0,,,1.0,35.0,5,12,1
205,2018-12-02,10.0,12.0,6.0,3.0,1.0,6.0,5.0,,,,,,43.0,0.0,0.0,0.0,1.0,0.0,1.0,0.0,1.0,0.0,0.0,0.0,0.0,0.0,0.0,73.4,0,1,0,1,,21.0,22.0,33.0,10.0,6,12,2
206,2018-12-04,7.0,9.0,9.0,3.0,3.0,10.0,10.0,2.0,2.0,4.0,3.0,2.0,64.0,1.0,0.0,0.0,0.0,0.0,0.0,0.0,1.0,0.0,0.0,0.0,0.0,0.0,0.0,73.2,0,1,1,1,13.0,35.0,16.0,37.0,27.0,1,12,4
207,2018-12-06,4.0,0.0,17.0,8.0,9.0,13.0,12.0,0.0,1.0,0.0,0.0,0.0,64.0,0.0,1.0,1.0,0.0,0.0,0.0,1.0,1.0,0.0,0.0,0.0,0.0,0.0,0.0,73.6,0,1,1,1,1.0,59.0,4.0,33.0,31.0,3,12,6
208,2018-12-08,,,,,,,,1.0,2.0,7.0,4.0,10.0,24.0,0.0,0.0,0.0,0.0,1.0,0.0,0.0,0.0,0.0,0.0,0.0,0.0,0.0,0.0,73.6,0,1,0,1,24.0,,,1.0,23.0,5,12,8
209,2018-12-09,6.0,5.0,0.0,7.0,2.0,9.0,0.0,,,,,,29.0,0.0,0.0,0.0,1.0,0.0,1.0,0.0,1.0,0.0,0.0,0.0,0.0,0.0,0.0,73.8,0,1,0,1,,18.0,11.0,11.0,18.0,6,12,9
210,2018-12-11,13.0,15.0,9.0,8.0,7.0,10.0,15.0,0.0,2.0,6.0,0.0,1.0,86.0,1.0,0.0,0.0,0.0,0.0,0.0,0.0,0.0,0.0,0.0,0.0,0.0,0.0,0.0,73.8,0,1,1,1,9.0,49.0,28.0,52.0,34.0,1,12,11
211,2018-12-13,13.0,1.0,12.0,6.0,1.0,4.0,7.0,3.0,20.0,4.0,2.0,3.0,76.0,0.0,1.0,1.0,0.0,0.0,0.0,1.0,1.0,0.0,0.0,0.0,0.0,0.0,0.0,73.2,0,1,1,1,32.0,30.0,14.0,36.0,40.0,3,12,13
212,2018-12-15,,,,,,,,3.0,6.0,6.0,3.0,6.0,24.0,0.0,0.0,0.0,0.0,1.0,0.0,0.0,0.0,0.0,0.0,0.0,0.0,0.0,0.0,73.6,0,1,0,1,24.0,,,3.0,21.0,5,12,15
213,2018-12-16,23.0,16.0,15.0,19.0,11.0,19.0,8.0,,,,,,111.0,0.0,0.0,0.0,1.0,0.0,1.0,0.0,1.0,0.0,0.0,0.0,0.0,0.0,0.0,73.4,0,1,0,1,,72.0,39.0,62.0,49.0,6,12,16
214,2018-12-18,9.0,8.0,0.0,8.0,5.0,5.0,12.0,2.0,6.0,8.0,0.0,4.0,67.0,1.0,0.0,0.0,0.0,0.0,0.0,1.0,1.0,0.0,0.0,0.0,0.0,0.0,0.0,74.2,0,1,1,1,20.0,30.0,17.0,31.0,36.0,1,12,18
215,2018-12-20,1.0,6.0,8.0,7.0,12.0,8.0,0.0,2.0,2.0,5.0,4.0,4.0,59.0,0.0,1.0,1.0,0.0,0.0,0.0,1.0,1.0,0.0,0.0,0.0,0.0,0.0,0.0,73.8,0,1,1,1,17.0,35.0,7.0,17.0,42.0,3,12,20
216,2018-12-22,,,,,,,,2.0,0.0,7.0,6.0,8.0,23.0,0.0,0.0,0.0,0.0,1.0,0.0,0.0,0.0,0.0,0.0,0.0,0.0,0.0,0.0,74.0,0,1,0,1,23.0,,,2.0,21.0,5,12,22
217,2018-12-23,13.0,12.0,17.0,20.0,14.0,12.0,11.0,,,,,,99.0,0.0,0.0,0.0,1.0,0.0,1.0,0.0,1.0,0.0,0.0,0.0,0.0,0.0,0.0,73.2,0,1,0,1,,74.0,25.0,53.0,46.0,6,12,23
218,2018-12-27,7.0,9.0,10.0,6.0,3.0,8.0,10.0,4.0,1.0,7.0,6.0,2.0,73.0,0.0,1.0,1.0,0.0,0.0,0.0,1.0,1.0,0.0,0.0,0.0,0.0,0.0,0.0,73.4,0,1,1,1,20.0,37.0,16.0,40.0,33.0,3,12,27
219,2018-12-28,,,,,,,,4.0,3.0,10.0,3.0,10.0,30.0,0.0,0.0,0.0,0.0,1.0,0.0,0.0,0.0,0.0,0.0,0.0,0.0,0.0,0.0,73.6,0,1,0,1,30.0,,,4.0,26.0,4,12,28
220,2018-12-30,24.0,16.0,13.0,9.0,15.0,15.0,21.0,,,,,,113.0,0.0,0.0,0.0,1.0,0.0,1.0,0.0,1.0,0.0,0.0,0.0,0.0,0.0,0.0,73.8,0,1,0,1,,73.0,40.0,74.0,39.0,6,12,30
221,2019-01-01,4.0,2.0,2.0,10.0,3.0,6.0,0.0,6.0,6.0,5.0,1.0,4.0,49.0,1.0,0.0,0.0,0.0,0.0,0.0,1.0,1.0,0.0,0.0,0.0,0.0,0.0,0.0,73.4,0,1,1,1,22.0,21.0,6.0,14.0,35.0,1,1,1
222,2019-01-03,13.0,15.0,14.0,9.0,9.0,1.0,6.0,1.0,0.0,0.0,3.0,5.0,76.0,0.0,1.0,1.0,0.0,0.0,0.0,0.0,1.0,0.0,0.0,0.0,0.0,0.0,0.0,73.6,0,1,1,1,9.0,39.0,28.0,49.0,27.0,3,1,3
223,2019-01-05,,,,,,,,4.0,0.0,3.0,0.0,5.0,12.0,0.0,1.0,1.0,0.0,0.0,0.0,0.0,0.0,0.0,0.0,0.0,0.0,0.0,0.0,73.6,0,1,0,1,12.0,,,4.0,8.0,5,1,5
224,2019-01-06,19.0,15.0,5.0,18.0,20.0,9.0,14.0,,,,,,100.0,0.0,0.0,0.0,1.0,0.0,1.0,0.0,1.0,0.0,0.0,0.0,0.0,0.0,0.0,74.2,0,1,0,1,,66.0,34.0,53.0,47.0,6,1,6
225,2019-01-08,13.0,7.0,17.0,12.0,9.0,12.0,10.0,2.0,7.0,8.0,1.0,4.0,102.0,1.0,0.0,0.0,0.0,0.0,0.0,1.0,0.0,0.0,0.0,0.0,0.0,0.0,0.0,73.6,0,1,1,1,22.0,60.0,20.0,49.0,53.0,1,1,8
226,2019-01-10,8.0,6.0,5.0,5.0,1.0,7.0,7.0,1.0,0.0,1.0,2.0,0.0,43.0,0.0,1.0,0.0,0.0,0.0,0.0,1.0,1.0,0.0,0.0,0.0,0.0,0.0,0.0,73.2,0,1,1,1,4.0,25.0,14.0,27.0,16.0,3,1,10
227,2019-01-12,,,,,,,,3.0,7.0,2.0,3.0,9.0,24.0,0.0,0.0,0.0,0.0,1.0,1.0,0.0,0.0,0.0,0.0,0.0,0.0,0.0,0.0,73.8,0,1,0,1,24.0,,,3.0,21.0,5,1,12
228,2019-01-13,11.0,13.0,12.0,12.0,3.0,21.0,7.0,,,,,,79.0,0.0,0.0,0.0,1.0,0.0,1.0,0.0,1.0,0.0,0.0,0.0,0.0,0.0,0.0,74.2,0,1,0,1,,55.0,24.0,43.0,36.0,6,1,13
229,2019-01-15,10.0,13.0,6.0,4.0,8.0,7.0,9.0,0.0,6.0,2.0,1.0,0.0,66.0,1.0,0.0,0.0,0.0,0.0,0.0,1.0,1.0,0.0,0.0,0.0,0.0,0.0,0.0,73.4,0,1,1,1,9.0,34.0,23.0,38.0,28.0,1,1,15
230,2019-01-17,12.0,9.0,14.0,9.0,8.0,14.0,14.0,0.0,0.0,0.0,0.0,0.0,80.0,0.0,1.0,1.0,0.0,0.0,0.0,1.0,1.0,0.0,0.0,0.0,0.0,0.0,0.0,73.2,0,1,1,1,0.0,59.0,21.0,49.0,31.0,3,1,17
231,2019-01-19,,,,,,,,0.0,2.0,0.0,0.0,0.0,2.0,0.0,1.0,0.0,0.0,0.0,1.0,0.0,0.0,0.0,0.0,0.0,0.0,0.0,0.0,74.6,0,1,0,1,2.0,,,0.0,2.0,5,1,19
232,2019-01-20,13.0,3.0,12.0,22.0,12.0,22.0,6.0,,,,,,90.0,0.0,0.0,0.0,1.0,0.0,1.0,0.0,0.0,0.0,0.0,0.0,0.0,0.0,0.0,73.6,0,1,0,1,,74.0,16.0,34.0,56.0,6,1,20
233,2019-01-22,15.0,8.0,8.0,8.0,8.0,7.0,10.0,0.0,5.0,2.0,0.0,1.0,72.0,1.0,0.0,0.0,0.0,0.0,0.0,1.0,1.0,0.0,0.0,0.0,0.0,0.0,0.0,74.0,0,1,1,1,8.0,41.0,23.0,41.0,31.0,1,1,22
234,2019-01-24,4.0,0.0,21.0,9.0,8.0,18.0,0.0,0.0,1.0,1.0,0.0,3.0,65.0,0.0,1.0,1.0,0.0,0.0,0.0,1.0,1.0,0.0,0.0,0.0,0.0,0.0,0.0,73.2,0,1,1,1,5.0,56.0,4.0,25.0,40.0,3,1,24
235,2019-01-26,,,,,,,,0.0,0.0,0.0,0.0,0.0,0.0,0.0,0.0,0.0,0.0,0.0,1.0,0.0,0.0,0.0,0.0,0.0,0.0,0.0,0.0,73.4,0,1,0,1,0.0,,,0.0,0.0,5,1,26
236,2019-01-27,16.0,1.0,11.0,11.0,9.0,13.0,9.0,,,,,,70.0,0.0,0.0,0.0,1.0,0.0,1.0,0.0,1.0,0.0,0.0,0.0,0.0,0.0,0.0,73.4,0,1,0,1,,53.0,17.0,37.0,33.0,6,1,27
237,2019-01-29,2.0,8.0,4.0,4.0,4.0,9.0,1.0,0.0,2.0,3.0,1.0,5.0,43.0,1.0,0.0,0.0,0.0,0.0,0.0,1.0,1.0,0.0,0.0,0.0,0.0,0.0,0.0,73.4,0,1,1,1,11.0,22.0,10.0,15.0,28.0,1,1,29
238,2019-01-31,10.0,7.0,15.0,8.0,5.0,16.0,13.0,4.0,7.0,6.0,4.0,10.0,105.0,0.0,1.0,1.0,0.0,0.0,0.0,1.0,1.0,0.0,0.0,0.0,0.0,0.0,0.0,73.6,0,1,1,1,31.0,57.0,17.0,49.0,56.0,3,1,31
239,2019-02-02,,,,,,,,0.0,1.0,1.0,1.0,0.0,3.0,0.0,0.0,0.0,0.0,0.0,1.0,0.0,0.0,0.0,0.0,0.0,1.0,0.0,0.0,73.8,0,1,0,1,3.0,,,0.0,3.0,5,2,2
240,2019-02-03,11.0,5.0,7.0,5.0,7.0,8.0,5.0,,,,,,48.0,0.0,0.0,0.0,1.0,0.0,1.0,0.0,1.0,0.0,0.0,0.0,0.0,0.0,0.0,73.8,0,1,0,1,,32.0,16.0,28.0,20.0,6,2,3
241,2019-02-05,13.0,4.0,10.0,4.0,7.0,5.0,8.0,3.0,3.0,3.0,1.0,2.0,63.0,1.0,0.0,0.0,0.0,0.0,0.0,1.0,1.0,0.0,0.0,0.0,0.0,0.0,0.0,73.2,0,1,1,1,12.0,34.0,17.0,38.0,25.0,1,2,5
242,2019-02-07,12.0,29.0,9.0,8.0,14.0,5.0,0.0,1.0,3.0,0.0,3.0,4.0,88.0,0.0,1.0,1.0,0.0,0.0,0.0,1.0,1.0,0.0,1.0,0.0,0.0,0.0,0.0,73.6,0,1,1,1,11.0,36.0,41.0,51.0,37.0,3,2,7
243,2019-02-09,,,,,,,,1.0,9.0,0.0,1.0,6.0,17.0,0.0,0.0,0.0,0.0,1.0,0.0,0.0,0.0,0.0,0.0,0.0,0.0,0.0,0.0,74.0,0,1,0,1,17.0,,,1.0,16.0,5,2,9
244,2019-02-10,12.0,10.0,13.0,14.0,10.0,12.0,4.0,,,,,,75.0,0.0,0.0,0.0,1.0,0.0,1.0,0.0,1.0,0.0,0.0,0.0,0.0,0.0,0.0,73.2,0,1,0,1,,53.0,22.0,39.0,36.0,6,2,10
245,2019-02-12,16.0,14.0,5.0,11.0,11.0,4.0,9.0,2.0,0.0,3.0,0.0,2.0,77.0,1.0,0.0,0.0,0.0,0.0,0.0,1.0,1.0,0.0,0.0,0.0,0.0,0.0,0.0,73.2,0,1,1,1,7.0,40.0,30.0,46.0,31.0,1,2,12
246,2019-02-14,7.0,4.0,7.0,8.0,9.0,5.0,13.0,0.0,0.0,2.0,0.0,2.0,57.0,0.0,1.0,1.0,0.0,0.0,0.0,1.0,1.0,1.0,0.0,0.0,0.0,0.0,0.0,73.6,0,1,1,1,4.0,42.0,11.0,31.0,26.0,3,2,14
247,2019-02-16,,,,,,,,6.0,2.0,6.0,2.0,5.0,21.0,0.0,0.0,0.0,0.0,1.0,0.0,0.0,0.0,0.0,0.0,0.0,0.0,0.0,0.0,73.8,0,1,0,1,21.0,,,6.0,15.0,5,2,16
248,2019-02-17,13.0,9.0,10.0,7.0,8.0,6.0,9.0,,,,,,62.0,0.0,0.0,0.0,1.0,0.0,1.0,0.0,0.0,0.0,0.0,0.0,0.0,0.0,0.0,73.2,0,1,0,1,,40.0,22.0,41.0,21.0,6,2,17
249,2019-02-19,1.0,2.0,10.0,18.0,10.0,16.0,3.0,0.0,5.0,3.0,2.0,8.0,78.0,1.0,0.0,0.0,0.0,0.0,0.0,1.0,1.0,0.0,0.0,0.0,0.0,0.0,0.0,73.8,0,1,1,1,18.0,57.0,3.0,16.0,62.0,1,2,19
250,2019-02-21,2.0,7.0,7.0,4.0,3.0,10.0,9.0,2.0,2.0,2.0,1.0,0.0,49.0,0.0,1.0,1.0,0.0,0.0,0.0,1.0,1.0,0.0,0.0,0.0,0.0,0.0,0.0,72.8,0,1,1,1,7.0,33.0,9.0,27.0,22.0,3,2,21
251,2019-02-23,,,,,,,,4.0,3.0,6.0,3.0,1.0,17.0,0.0,0.0,0.0,0.0,1.0,0.0,0.0,0.0,0.0,0.0,0.0,0.0,0.0,0.0,74.0,0,1,0,1,17.0,,,4.0,13.0,5,2,23
252,2019-02-24,11.0,10.0,17.0,17.0,1.0,12.0,0.0,,,,,,68.0,0.0,0.0,0.0,1.0,0.0,1.0,0.0,1.0,0.0,0.0,0.0,0.0,0.0,0.0,73.0,0,1,0,1,,47.0,21.0,38.0,30.0,6,2,24
253,2019-02-26,13.0,18.0,12.0,9.0,12.0,13.0,25.0,1.0,7.0,3.0,0.0,3.0,116.0,1.0,0.0,0.0,0.0,0.0,0.0,1.0,1.0,0.0,0.0,0.0,0.0,0.0,0.0,73.2,0,1,1,1,14.0,71.0,31.0,69.0,47.0,1,2,26
254,2019-02-28,2.0,17.0,17.0,9.0,5.0,7.0,4.0,4.0,1.0,0.0,0.0,0.0,66.0,0.0,0.0,0.0,1.0,0.0,0.0,1.0,1.0,0.0,0.0,0.0,1.0,0.0,0.0,73.8,0,1,1,1,5.0,42.0,19.0,44.0,22.0,3,2,28
255,2019-03-02,,,,,,,,1.0,0.0,0.0,0.0,6.0,7.0,0.0,0.0,0.0,0.0,1.0,0.0,0.0,0.0,0.0,0.0,0.0,0.0,0.0,0.0,73.6,0,1,0,1,7.0,,,1.0,6.0,5,3,2
256,2019-03-03,9.0,12.0,15.0,18.0,4.0,19.0,0.0,,,,,,77.0,0.0,0.0,0.0,1.0,0.0,1.0,0.0,1.0,0.0,0.0,0.0,0.0,0.0,0.0,73.8,0,1,0,1,,56.0,21.0,36.0,41.0,6,3,3
257,2019-03-05,3.0,3.0,11.0,8.0,9.0,6.0,11.0,0.0,3.0,2.0,1.0,2.0,59.0,1.0,0.0,0.0,0.0,0.0,0.0,0.0,1.0,0.0,0.0,0.0,0.0,0.0,0.0,73.4,0,1,1,1,8.0,45.0,6.0,28.0,31.0,1,3,5
258,2019-03-07,2.0,0.0,35.0,14.0,4.0,13.0,0.0,2.0,0.0,3.0,3.0,1.0,77.0,0.0,1.0,1.0,0.0,0.0,0.0,1.0,1.0,0.0,0.0,0.0,0.0,0.0,0.0,74.0,0,1,1,1,9.0,66.0,2.0,39.0,38.0,3,3,7
259,2019-03-09,,,,,,,,2.0,2.0,9.0,7.0,5.0,25.0,0.0,0.0,0.0,0.0,1.0,0.0,0.0,0.0,0.0,0.0,0.0,0.0,0.0,0.0,73.8,0,1,0,1,25.0,,,2.0,23.0,5,3,9
260,2019-03-10,14.0,19.0,13.0,7.0,4.0,19.0,4.0,,,,,,80.0,0.0,0.0,0.0,1.0,0.0,1.0,0.0,1.0,0.0,0.0,0.0,0.0,0.0,0.0,73.8,0,1,0,1,,47.0,33.0,50.0,30.0,6,3,10
261,2019-03-12,12.0,16.0,8.0,16.0,8.0,16.0,15.0,4.0,2.0,6.0,1.0,0.0,104.0,1.0,0.0,0.0,0.0,0.0,0.0,1.0,1.0,0.0,0.0,0.0,0.0,0.0,0.0,73.4,0,1,1,1,13.0,63.0,28.0,55.0,49.0,1,3,12
262,2019-03-14,20.0,1.0,14.0,15.0,10.0,8.0,12.0,4.0,3.0,2.0,0.0,2.0,91.0,0.0,1.0,1.0,0.0,0.0,0.0,1.0,1.0,1.0,0.0,0.0,0.0,0.0,0.0,73.4,0,1,1,1,11.0,59.0,21.0,51.0,40.0,3,3,14
263,2019-03-16,5.0,1.0,,,,,,6.0,5.0,7.0,7.0,2.0,33.0,0.0,0.0,0.0,0.0,1.0,0.0,0.0,0.0,0.0,0.0,0.0,0.0,0.0,0.0,73.6,0,1,0,1,27.0,,6.0,12.0,21.0,5,3,16
264,2019-03-17,13.0,10.0,8.0,6.0,10.0,7.0,5.0,,,,,,59.0,0.0,0.0,0.0,0.0,0.0,1.0,0.0,1.0,0.0,0.0,0.0,0.0,0.0,0.0,74.2,0,1,0,1,,36.0,23.0,36.0,23.0,6,3,17
265,2019-03-19,16.0,10.0,8.0,11.0,13.0,13.0,15.0,1.0,0.0,6.0,1.0,0.0,94.0,1.0,0.0,0.0,0.0,0.0,0.0,1.0,1.0,0.0,0.0,0.0,0.0,0.0,0.0,73.8,0,1,1,1,8.0,60.0,26.0,50.0,44.0,1,3,19
266,2019-03-21,3.0,18.0,15.0,9.0,9.0,4.0,9.0,3.0,6.0,4.0,6.0,4.0,90.0,0.0,1.0,0.0,0.0,0.0,0.0,0.0,1.0,0.0,0.0,0.0,0.0,0.0,0.0,73.4,0,1,1,1,23.0,46.0,21.0,48.0,42.0,3,3,21
267,2019-03-23,,,,,,,,6.0,4.0,20.0,8.0,6.0,44.0,0.0,0.0,0.0,0.0,1.0,0.0,0.0,0.0,0.0,0.0,0.0,0.0,0.0,0.0,73.6,0,1,0,1,44.0,,,6.0,38.0,5,3,23
268,2019-03-24,10.0,13.0,12.0,3.0,12.0,6.0,2.0,,,,,,58.0,0.0,0.0,0.0,1.0,0.0,1.0,0.0,1.0,0.0,0.0,0.0,0.0,0.0,0.0,73.4,0,1,0,1,,35.0,23.0,37.0,21.0,6,3,24
269,2019-03-26,9.0,12.0,8.0,7.0,2.0,5.0,9.0,1.0,4.0,2.0,2.0,1.0,62.0,1.0,0.0,0.0,0.0,0.0,0.0,1.0,1.0,0.0,0.0,0.0,0.0,0.0,0.0,74.2,0,1,1,1,10.0,31.0,21.0,39.0,23.0,1,3,26
270,2019-03-28,12.0,14.0,7.0,11.0,3.0,7.0,1.0,2.0,3.0,6.0,3.0,1.0,70.0,0.0,1.0,1.0,0.0,0.0,0.0,1.0,1.0,0.0,0.0,0.0,1.0,0.0,0.0,73.6,0,1,1,1,15.0,29.0,26.0,36.0,34.0,3,3,28
271,2019-03-30,,,,,,,,3.0,6.0,3.0,2.0,8.0,22.0,0.0,0.0,0.0,0.0,1.0,0.0,0.0,0.0,0.0,0.0,0.0,0.0,0.0,0.0,73.8,0,1,0,1,22.0,,,3.0,19.0,5,3,30
272,2019-03-31,21.0,18.0,13.0,17.0,13.0,9.0,3.0,,,,,,94.0,1.0,0.0,0.0,0.0,0.0,0.0,0.0,1.0,0.0,0.0,0.0,0.0,0.0,0.0,73.0,0,1,0,1,,55.0,39.0,55.0,39.0,6,3,31
273,2019-04-02,10.0,2.0,5.0,10.0,3.0,12.0,2.0,0.0,0.0,1.0,0.0,2.0,47.0,1.0,0.0,0.0,0.0,0.0,0.0,1.0,1.0,0.0,0.0,0.0,0.0,0.0,0.0,73.4,0,1,1,1,3.0,32.0,12.0,19.0,28.0,1,4,2
274,2019-04-04,1.0,0.0,12.0,13.0,7.0,10.0,2.0,0.0,3.0,3.0,0.0,0.0,51.0,0.0,1.0,1.0,0.0,0.0,0.0,1.0,1.0,1.0,0.0,0.0,0.0,0.0,0.0,73.6,0,1,1,1,6.0,44.0,1.0,15.0,36.0,3,4,4
275,2019-04-06,,,,,,,,6.0,8.0,18.0,12.0,4.0,48.0,0.0,0.0,0.0,0.0,1.0,0.0,0.0,0.0,0.0,0.0,0.0,0.0,0.0,0.0,73.8,0,1,0,1,48.0,,,6.0,42.0,5,4,6
276,2019-04-07,24.0,12.0,16.0,10.0,11.0,6.0,6.0,,,,,,85.0,0.0,0.0,0.0,1.0,0.0,1.0,0.0,0.0,0.0,0.0,0.0,0.0,0.0,0.0,73.8,0,1,0,1,,49.0,36.0,58.0,27.0,6,4,7
277,2019-04-09,8.0,1.0,8.0,11.0,3.0,11.0,4.0,1.0,4.0,4.0,1.0,1.0,57.0,1.0,0.0,0.0,0.0,0.0,0.0,1.0,1.0,0.0,0.0,0.0,0.0,0.0,0.0,74.4,0,1,1,1,11.0,37.0,9.0,22.0,35.0,1,4,9
278,2019-04-11,6.0,9.0,9.0,7.0,7.0,9.0,10.0,4.0,2.0,4.0,0.0,5.0,72.0,0.0,1.0,1.0,0.0,0.0,0.0,1.0,1.0,0.0,0.0,0.0,0.0,0.0,0.0,74.6,0,1,1,1,15.0,42.0,15.0,38.0,34.0,3,4,11
279,2019-04-13,,,,,,,,11.0,5.0,11.0,5.0,1.0,33.0,0.0,0.0,0.0,0.0,1.0,0.0,0.0,0.0,0.0,0.0,0.0,0.0,0.0,0.0,73.8,0,1,0,1,33.0,,,11.0,22.0,5,4,13
280,2019-04-14,19.0,19.0,11.0,5.0,3.0,5.0,8.0,,,,,,70.0,0.0,0.0,0.0,1.0,0.0,1.0,0.0,1.0,0.0,0.0,0.0,0.0,0.0,0.0,73.6,0,1,0,1,,32.0,38.0,57.0,13.0,6,4,14
281,2019-04-16,13.0,3.0,9.0,10.0,4.0,5.0,1.0,3.0,1.0,4.0,3.0,1.0,57.0,1.0,0.0,0.0,0.0,0.0,0.0,0.0,1.0,0.0,0.0,0.0,0.0,0.0,0.0,73.6,0,1,1,1,12.0,29.0,16.0,29.0,28.0,1,4,16
282,2019-04-18,20.0,13.0,8.0,1.0,6.0,4.0,5.0,3.0,1.0,7.0,3.0,1.0,72.0,0.0,1.0,1.0,0.0,0.0,0.0,1.0,1.0,0.0,0.0,0.0,0.0,0.0,0.0,73.4,0,1,1,1,15.0,24.0,33.0,49.0,23.0,3,4,18
283,2019-04-20,,,,,,,,0.0,1.0,5.0,0.0,5.0,11.0,0.0,0.0,0.0,0.0,1.0,0.0,0.0,0.0,0.0,0.0,0.0,0.0,0.0,0.0,73.8,0,1,0,1,11.0,,,0.0,11.0,5,4,20
284,2019-04-21,11.0,19.0,12.0,10.0,4.0,5.0,1.0,,,,,,62.0,0.0,0.0,0.0,1.0,0.0,1.0,0.0,1.0,0.0,0.0,0.0,0.0,0.0,0.0,73.8,0,1,0,1,,32.0,30.0,43.0,19.0,6,4,21
285,2019-04-23,15.0,2.0,5.0,10.0,9.0,1.0,2.0,2.0,0.0,10.0,5.0,5.0,66.0,1.0,0.0,0.0,0.0,0.0,0.0,1.0,1.0,0.0,0.0,0.0,0.0,0.0,0.0,74.2,0,1,1,1,22.0,27.0,17.0,26.0,40.0,1,4,23
286,2019-04-25,10.0,7.0,4.0,4.0,4.0,2.0,5.0,1.0,3.0,12.0,0.0,6.0,58.0,0.0,1.0,0.0,0.0,0.0,0.0,0.0,1.0,0.0,0.0,0.0,0.0,0.0,0.0,74.2,0,1,1,1,22.0,19.0,17.0,27.0,31.0,3,4,25
287,2019-04-27,,,,,,,,0.0,1.0,0.0,0.0,1.0,2.0,0.0,0.0,0.0,0.0,0.0,0.0,0.0,0.0,0.0,0.0,0.0,0.0,0.0,0.0,73.8,0,1,0,1,2.0,,,0.0,2.0,5,4,27
288,2019-04-28,10.0,17.0,12.0,17.0,5.0,8.0,1.0,,,,,,70.0,0.0,0.0,0.0,1.0,0.0,1.0,0.0,1.0,0.0,0.0,0.0,0.0,0.0,0.0,74.0,0,1,0,1,,43.0,27.0,40.0,30.0,6,4,28
289,2019-04-30,8.0,7.0,10.0,6.0,0.0,8.0,2.0,1.0,0.0,4.0,2.0,4.0,52.0,1.0,0.0,0.0,0.0,0.0,0.0,1.0,1.0,0.0,0.0,0.0,0.0,0.0,0.0,73.6,0,1,1,1,11.0,26.0,15.0,28.0,24.0,1,4,30
290,2019-05-02,12.0,0.0,5.0,2.0,2.0,9.0,14.0,2.0,3.0,4.0,1.0,2.0,56.0,0.0,1.0,1.0,0.0,0.0,0.0,1.0,1.0,0.0,0.0,0.0,0.0,0.0,0.0,74.0,0,1,1,1,12.0,32.0,12.0,33.0,23.0,3,5,2
291,2019-05-04,,,,,,,,6.0,9.0,8.0,1.0,8.0,32.0,0.0,0.0,0.0,0.0,1.0,0.0,0.0,0.0,0.0,0.0,0.0,0.0,0.0,0.0,73.0,0,1,0,1,32.0,,,6.0,26.0,5,5,4
292,2019-05-05,5.0,12.0,14.0,2.0,3.0,3.0,1.0,,,,,,40.0,0.0,0.0,0.0,1.0,0.0,1.0,0.0,1.0,0.0,0.0,0.0,0.0,0.0,0.0,74.2,0,1,0,1,,23.0,17.0,32.0,8.0,6,5,5
293,2019-05-07,8.0,2.0,6.0,5.0,3.0,6.0,1.0,4.0,5.0,10.0,11.0,5.0,66.0,1.0,0.0,0.0,0.0,0.0,0.0,0.0,1.0,0.0,0.0,0.0,0.0,0.0,0.0,74.0,0,1,1,1,35.0,21.0,10.0,21.0,45.0,1,5,7
294,2019-05-08,14.0,6.0,13.0,3.0,8.0,10.0,12.0,4.0,0.0,9.0,1.0,6.0,86.0,0.0,1.0,1.0,0.0,0.0,0.0,1.0,1.0,0.0,0.0,0.0,0.0,0.0,0.0,73.8,0,1,1,1,20.0,46.0,20.0,49.0,37.0,2,5,8
295,2019-05-11,,,,,,,,7.0,5.0,8.0,2.0,0.0,22.0,0.0,0.0,0.0,0.0,1.0,0.0,0.0,0.0,0.0,0.0,0.0,0.0,0.0,0.0,73.4,0,1,0,1,22.0,,,7.0,15.0,5,5,11
296,2019-05-12,12.0,10.0,8.0,7.0,6.0,5.0,3.0,,,,,,51.0,0.0,0.0,0.0,1.0,0.0,0.0,0.0,1.0,0.0,0.0,0.0,0.0,0.0,0.0,74.2,0,1,0,1,,29.0,22.0,33.0,18.0,6,5,12
297,2019-05-14,6.0,5.0,5.0,13.0,7.0,10.0,4.0,2.0,0.0,3.0,3.0,1.0,59.0,1.0,0.0,0.0,0.0,0.0,0.0,0.0,0.0,0.0,0.0,0.0,0.0,0.0,0.0,74.0,0,1,1,1,9.0,39.0,11.0,22.0,37.0,1,5,14
298,2019-05-16,11.0,3.0,5.0,2.0,10.0,6.0,9.0,1.0,1.0,6.0,2.0,1.0,57.0,0.0,1.0,1.0,0.0,0.0,0.0,1.0,1.0,0.0,0.0,0.0,0.0,0.0,0.0,74.2,0,1,1,1,11.0,32.0,14.0,29.0,28.0,3,5,16
299,2019-05-18,,,,,,,,3.0,1.0,8.0,7.0,4.0,23.0,0.0,0.0,0.0,0.0,1.0,0.0,0.0,0.0,0.0,0.0,0.0,0.0,0.0,0.0,74.4,0,1,0,1,23.0,,,3.0,20.0,5,5,18
300,2019-05-19,26.0,25.0,12.0,13.0,15.0,19.0,0.0,,,,,,110.0,0.0,0.0,0.0,1.0,0.0,1.0,0.0,1.0,0.0,0.0,0.0,0.0,0.0,0.0,73.6,0,1,0,1,,59.0,51.0,63.0,47.0,6,5,19
301,2019-05-21,0.0,13.0,6.0,1.0,3.0,5.0,3.0,1.0,5.0,6.0,1.0,2.0,46.0,1.0,0.0,0.0,0.0,0.0,0.0,1.0,1.0,0.0,0.0,0.0,0.0,0.0,0.0,73.8,0,1,1,1,15.0,18.0,13.0,23.0,23.0,1,5,21
302,2019-05-23,20.0,9.0,14.0,3.0,12.0,6.0,9.0,0.0,1.0,7.0,3.0,0.0,84.0,0.0,1.0,1.0,0.0,0.0,0.0,1.0,1.0,0.0,0.0,0.0,0.0,0.0,0.0,73.6,0,1,1,1,11.0,44.0,29.0,52.0,32.0,3,5,23
303,2019-05-25,,,,,,,,2.0,3.0,7.0,2.0,10.0,24.0,0.0,0.0,0.0,1.0,0.0,0.0,0.0,1.0,0.0,0.0,0.0,0.0,0.0,0.0,73.8,0,1,0,1,24.0,,,2.0,22.0,5,5,25
304,2019-05-26,9.0,11.0,10.0,13.0,2.0,8.0,2.0,,,,,,55.0,0.0,0.0,0.0,1.0,0.0,1.0,0.0,1.0,0.0,0.0,0.0,0.0,0.0,0.0,73.8,0,1,0,1,,35.0,20.0,32.0,23.0,6,5,26
305,2019-05-28,7.0,9.0,1.0,4.0,4.0,4.0,2.0,2.0,2.0,3.0,1.0,0.0,39.0,1.0,0.0,0.0,0.0,0.0,0.0,1.0,1.0,0.0,0.0,0.0,0.0,0.0,0.0,73.6,0,1,1,1,8.0,15.0,16.0,21.0,18.0,1,5,28
306,2019-05-30,3.0,5.0,6.0,3.0,4.0,7.0,10.0,6.0,3.0,7.0,4.0,5.0,63.0,0.0,1.0,1.0,0.0,0.0,0.0,1.0,1.0,1.0,0.0,0.0,0.0,0.0,0.0,74.2,0,1,1,1,25.0,30.0,8.0,30.0,33.0,3,5,30
307,2019-06-01,,,,,,,,4.0,6.0,10.0,4.0,7.0,31.0,0.0,0.0,0.0,0.0,1.0,0.0,0.0,0.0,0.0,0.0,0.0,0.0,0.0,0.0,74.6,0,1,0,1,31.0,,,4.0,27.0,5,6,1
308,2019-06-02,13.0,19.0,15.0,7.0,11.0,8.0,0.0,,,,,,73.0,0.0,0.0,0.0,1.0,0.0,1.0,0.0,1.0,0.0,0.0,0.0,0.0,0.0,0.0,74.6,0,1,0,1,,41.0,32.0,47.0,26.0,6,6,2
309,2019-06-04,6.0,13.0,9.0,8.0,9.0,9.0,12.0,1.0,2.0,4.0,1.0,15.0,89.0,1.0,0.0,0.0,0.0,0.0,0.0,1.0,1.0,0.0,0.0,0.0,0.0,0.0,0.0,74.8,0,1,1,1,23.0,47.0,19.0,41.0,48.0,1,6,4
310,2019-06-06,14.0,14.0,5.0,4.0,2.0,6.0,7.0,1.0,0.0,5.0,1.0,2.0,61.0,0.0,1.0,1.0,0.0,0.0,0.0,1.0,1.0,0.0,0.0,0.0,0.0,0.0,0.0,74.4,0,1,1,1,9.0,24.0,28.0,41.0,20.0,3,6,6
311,2019-06-08,,,,,,,,3.0,5.0,4.0,4.0,0.0,16.0,0.0,0.0,0.0,0.0,1.0,0.0,0.0,0.0,0.0,0.0,0.0,0.0,0.0,0.0,74.4,0,1,0,1,16.0,,,3.0,13.0,5,6,8
312,2019-06-09,23.0,3.0,16.0,16.0,22.0,10.0,8.0,,,,,,98.0,0.0,0.0,0.0,1.0,0.0,1.0,0.0,0.0,0.0,0.0,0.0,0.0,0.0,0.0,74.2,0,1,0,1,,72.0,26.0,50.0,48.0,6,6,9
313,2019-06-11,6.0,1.0,9.0,9.0,6.0,8.0,2.0,0.0,5.0,0.0,4.0,2.0,52.0,1.0,0.0,0.0,0.0,0.0,0.0,1.0,1.0,0.0,0.0,0.0,0.0,0.0,0.0,74.6,0,1,1,1,11.0,34.0,7.0,18.0,34.0,1,6,11
314,2019-06-13,14.0,8.0,8.0,3.0,2.0,1.0,6.0,0.0,0.0,4.0,3.0,1.0,50.0,0.0,1.0,1.0,0.0,0.0,0.0,1.0,1.0,0.0,0.0,0.0,1.0,0.0,0.0,74.6,0,1,1,1,8.0,20.0,22.0,36.0,14.0,3,6,13
315,2019-06-15,,,,,,,,2.0,5.0,5.0,3.0,8.0,23.0,0.0,0.0,0.0,0.0,1.0,0.0,0.0,0.0,0.0,0.0,0.0,0.0,0.0,0.0,75.6,0,1,0,1,23.0,,,2.0,21.0,5,6,15
316,2019-06-16,25.0,24.0,15.0,8.0,14.0,23.0,8.0,,,,,,117.0,0.0,0.0,0.0,1.0,0.0,1.0,0.0,0.0,0.0,0.0,0.0,0.0,0.0,0.0,75.0,0,1,0,1,,68.0,49.0,72.0,45.0,6,6,16
317,2019-06-18,7.0,0.0,6.0,12.0,6.0,13.0,6.0,1.0,3.0,10.0,6.0,3.0,73.0,1.0,0.0,0.0,0.0,0.0,0.0,1.0,1.0,0.0,0.0,0.0,0.0,0.0,0.0,75.6,0,1,1,1,23.0,43.0,7.0,20.0,53.0,1,6,18
318,2019-06-20,10.0,19.0,22.0,6.0,11.0,7.0,7.0,1.0,3.0,0.0,1.0,5.0,92.0,0.0,1.0,1.0,0.0,0.0,0.0,1.0,1.0,0.0,0.0,0.0,0.0,0.0,0.0,75.2,0,1,1,1,10.0,53.0,29.0,59.0,33.0,3,6,20
319,2019-06-22,,,,,,,,5.0,6.0,6.0,4.0,7.0,28.0,0.0,0.0,0.0,0.0,1.0,0.0,0.0,0.0,0.0,0.0,0.0,0.0,0.0,0.0,74.8,0,1,0,1,28.0,,,5.0,23.0,5,6,22
320,2019-06-23,28.0,18.0,18.0,14.0,14.0,5.0,22.0,,,,,,119.0,0.0,0.0,0.0,1.0,0.0,1.0,0.0,0.0,0.0,0.0,0.0,0.0,0.0,0.0,74.2,0,1,0,1,,73.0,46.0,86.0,33.0,6,6,23
321,2019-06-25,15.0,10.0,5.0,7.0,5.0,9.0,11.0,1.0,1.0,6.0,3.0,6.0,79.0,1.0,0.0,0.0,0.0,0.0,0.0,1.0,1.0,0.0,0.0,0.0,0.0,0.0,0.0,74.8,0,1,1,1,17.0,37.0,25.0,42.0,37.0,1,6,25
322,2019-06-27,6.0,0.0,9.0,8.0,8.0,17.0,9.0,3.0,3.0,4.0,0.0,2.0,69.0,0.0,1.0,1.0,0.0,0.0,0.0,1.0,1.0,0.0,0.0,0.0,0.0,0.0,0.0,74.8,0,1,1,1,12.0,51.0,6.0,27.0,42.0,3,6,27
323,2019-06-29,,,,,,,,1.0,8.0,3.0,12.0,5.0,29.0,0.0,0.0,0.0,0.0,1.0,0.0,0.0,0.0,0.0,0.0,0.0,0.0,0.0,0.0,75.2,0,1,0,1,29.0,,,1.0,28.0,5,6,29
324,2019-06-30,14.0,23.0,16.0,11.0,6.0,11.0,18.0,,,,,,99.0,0.0,0.0,0.0,1.0,0.0,1.0,0.0,1.0,0.0,0.0,0.0,0.0,0.0,0.0,75.2,0,1,0,1,,62.0,37.0,71.0,28.0,6,6,30
325,2019-07-02,14.0,11.0,12.0,5.0,3.0,11.0,15.0,0.0,5.0,5.0,1.0,2.0,84.0,1.0,0.0,0.0,0.0,0.0,0.0,1.0,1.0,0.0,0.0,0.0,0.0,0.0,0.0,76.2,0,1,1,1,13.0,46.0,25.0,52.0,32.0,1,7,2
326,2019-07-04,26.0,15.0,4.0,1.0,10.0,5.0,19.0,3.0,2.0,11.0,0.0,2.0,98.0,0.0,1.0,1.0,0.0,0.0,0.0,1.0,1.0,0.0,0.0,0.0,0.0,0.0,0.0,75.0,0,1,1,1,18.0,39.0,41.0,67.0,31.0,3,7,4
327,2019-07-06,,,,,,,,4.0,9.0,0.0,2.0,5.0,20.0,0.0,0.0,0.0,0.0,1.0,0.0,0.0,0.0,0.0,0.0,0.0,0.0,0.0,0.0,75.4,0,1,0,1,20.0,,,4.0,16.0,5,7,6
328,2019-07-07,11.0,14.0,21.0,8.0,2.0,6.0,0.0,,,,,,62.0,0.0,0.0,0.0,1.0,0.0,1.0,1.0,0.0,0.0,0.0,0.0,0.0,0.0,0.0,75.4,0,1,0,1,,37.0,25.0,46.0,16.0,6,7,7
329,2019-07-09,10.0,11.0,5.0,10.0,4.0,4.0,5.0,1.0,2.0,3.0,1.0,1.0,57.0,1.0,0.0,0.0,0.0,0.0,0.0,1.0,1.0,0.0,0.0,0.0,0.0,0.0,0.0,75.8,0,1,1,1,8.0,28.0,21.0,32.0,25.0,1,7,9
330,2019-07-11,9.0,7.0,12.0,7.0,11.0,9.0,6.0,6.0,3.0,10.0,6.0,9.0,95.0,1.0,1.0,0.0,0.0,0.0,0.0,1.0,1.0,1.0,0.0,0.0,0.0,0.0,0.0,74.2,0,1,1,1,34.0,45.0,16.0,40.0,55.0,3,7,11
331,2019-07-13,,,,,,,,1.0,8.0,8.0,3.0,5.0,25.0,0.0,0.0,0.0,0.0,1.0,0.0,0.0,0.0,0.0,0.0,0.0,0.0,0.0,0.0,74.6,0,1,0,1,25.0,,,1.0,24.0,5,7,13
332,2019-07-14,24.0,31.0,21.0,16.0,10.0,9.0,12.0,,,,,,123.0,0.0,0.0,0.0,1.0,0.0,1.0,0.0,1.0,0.0,0.0,0.0,0.0,0.0,0.0,76.0,0,1,0,1,,68.0,55.0,88.0,35.0,6,7,14
333,2019-07-16,6.0,12.0,3.0,8.0,5.0,6.0,5.0,2.0,3.0,4.0,3.0,1.0,58.0,1.0,0.0,0.0,0.0,0.0,0.0,1.0,1.0,0.0,0.0,0.0,0.0,0.0,0.0,75.8,0,1,1,1,13.0,27.0,18.0,28.0,30.0,1,7,16
334,2019-07-18,9.0,9.0,22.0,8.0,8.0,23.0,6.0,4.0,2.0,6.0,4.0,2.0,103.0,0.0,1.0,1.0,0.0,0.0,0.0,1.0,1.0,0.0,0.0,0.0,0.0,0.0,0.0,76.0,0,1,1,1,18.0,67.0,18.0,50.0,53.0,3,7,18
335,2019-07-20,,,,,,,,1.0,4.0,5.0,2.0,5.0,17.0,0.0,0.0,0.0,0.0,1.0,0.0,0.0,0.0,0.0,0.0,0.0,0.0,0.0,0.0,75.6,0,1,0,1,17.0,,,1.0,16.0,5,7,20
336,2019-07-21,35.0,30.0,12.0,14.0,27.0,17.0,27.0,,,,,,162.0,0.0,0.0,0.0,0.0,0.0,1.0,1.0,1.0,0.0,0.0,0.0,0.0,0.0,0.0,76.0,0,1,0,1,,97.0,65.0,104.0,58.0,6,7,21
337,2019-07-23,3.0,8.0,11.0,15.0,21.0,11.0,16.0,2.0,9.0,3.0,1.0,7.0,107.0,1.0,0.0,0.0,0.0,0.0,0.0,0.0,0.0,0.0,0.0,0.0,0.0,0.0,0.0,75.8,0,1,1,1,22.0,74.0,11.0,40.0,67.0,1,7,23
338,2019-07-25,32.0,2.0,18.0,8.0,8.0,10.0,18.0,1.0,1.0,5.0,5.0,2.0,110.0,0.0,1.0,1.0,0.0,0.0,0.0,0.0,0.0,0.0,0.0,0.0,0.0,0.0,0.0,76.0,0,1,1,1,14.0,62.0,34.0,71.0,39.0,3,7,25
339,2019-07-27,,,,,,,,6.0,5.0,7.0,4.0,7.0,29.0,0.0,0.0,0.0,0.0,1.0,0.0,0.0,0.0,0.0,0.0,0.0,0.0,0.0,0.0,76.6,0,1,0,1,29.0,,,6.0,23.0,5,7,27
340,2019-07-28,32.0,19.0,23.0,20.0,32.0,22.0,7.0,,,,,,155.0,0.0,0.0,0.0,0.0,1.0,1.0,0.0,1.0,0.0,0.0,0.0,0.0,0.0,0.0,76.2,0,1,0,1,,104.0,51.0,81.0,74.0,6,7,28
341,2019-07-30,14.0,14.0,5.0,5.0,8.0,4.0,2.0,2.0,3.0,8.0,1.0,1.0,67.0,1.0,0.0,0.0,0.0,0.0,0.0,1.0,1.0,0.0,0.0,0.0,0.0,0.0,0.0,76.6,0,1,1,1,15.0,24.0,28.0,37.0,30.0,1,7,30
342,2019-08-01,3.0,12.0,14.0,7.0,5.0,17.0,8.0,0.0,2.0,4.0,3.0,3.0,78.0,0.0,1.0,1.0,0.0,0.0,0.0,0.0,1.0,0.0,0.0,0.0,0.0,0.0,0.0,76.6,0,1,1,1,12.0,51.0,15.0,37.0,41.0,3,8,1
343,2019-08-03,,,,,,,,2.0,1.0,3.0,3.0,2.0,11.0,0.0,0.0,0.0,0.0,1.0,0.0,0.0,0.0,0.0,0.0,0.0,0.0,0.0,0.0,76.8,0,1,0,1,11.0,,,2.0,9.0,5,8,3
344,2019-08-04,14.0,25.0,13.0,13.0,3.0,10.0,4.0,,,,,,82.0,0.0,0.0,0.0,0.0,1.0,1.0,0.0,1.0,0.0,0.0,0.0,0.0,0.0,0.0,77.8,0,1,0,1,,43.0,39.0,56.0,26.0,6,8,4
345,2019-08-06,4.0,8.0,9.0,6.0,5.0,4.0,4.0,3.0,2.0,3.0,4.0,3.0,55.0,1.0,0.0,0.0,0.0,0.0,0.0,1.0,1.0,0.0,0.0,0.0,0.0,0.0,0.0,76.8,0,1,1,1,15.0,28.0,12.0,28.0,27.0,1,8,6
346,2019-08-08,24.0,18.0,9.0,5.0,8.0,13.0,17.0,3.0,4.0,10.0,5.0,11.0,127.0,0.0,1.0,0.0,0.0,0.0,0.0,0.0,1.0,1.0,0.0,0.0,0.0,0.0,0.0,77.0,0,1,1,1,33.0,52.0,42.0,71.0,56.0,3,8,8
347,2019-08-10,,,,,,,,1.0,6.0,7.0,4.0,2.0,20.0,0.0,0.0,1.0,0.0,1.0,0.0,0.0,0.0,0.0,0.0,0.0,0.0,0.0,0.0,77.2,0,1,0,1,20.0,,,1.0,19.0,5,8,10
348,2019-08-11,20.0,23.0,25.0,24.0,12.0,8.0,12.0,,,,,,124.0,0.0,0.0,0.0,0.0,1.0,1.0,0.0,1.0,0.0,0.0,0.0,0.0,0.0,0.0,77.4,0,1,0,1,,81.0,43.0,80.0,44.0,6,8,11
349,2019-08-13,5.0,7.0,7.0,4.0,10.0,4.0,10.0,1.0,1.0,7.0,3.0,1.0,60.0,1.0,0.0,0.0,0.0,0.0,0.0,1.0,1.0,0.0,0.0,0.0,0.0,0.0,0.0,76.6,0,1,1,1,13.0,35.0,12.0,30.0,30.0,1,8,13
350,2019-08-15,9.0,5.0,32.0,20.0,10.0,18.0,8.0,2.0,1.0,3.0,5.0,2.0,115.0,0.0,1.0,1.0,0.0,0.0,0.0,1.0,1.0,0.0,0.0,0.0,1.0,0.0,0.0,76.2,0,1,1,1,13.0,88.0,14.0,56.0,59.0,3,8,15
351,2019-08-17,,,,,,,,4.0,4.0,5.0,7.0,12.0,32.0,0.0,0.0,0.0,0.0,1.0,0.0,0.0,0.0,0.0,0.0,0.0,0.0,0.0,0.0,76.6,0,1,0,1,32.0,,,4.0,28.0,5,8,17
352,2019-08-18,5.0,20.0,15.0,8.0,10.0,13.0,11.0,,,,,,82.0,0.0,0.0,0.0,1.0,0.0,0.0,0.0,0.0,0.0,0.0,0.0,0.0,0.0,0.0,76.2,0,1,0,1,,57.0,25.0,51.0,31.0,6,8,18
353,2019-08-20,2.0,6.0,7.0,7.0,6.0,7.0,7.0,2.0,4.0,4.0,4.0,4.0,60.0,1.0,0.0,0.0,0.0,0.0,0.0,1.0,1.0,1.0,0.0,0.0,0.0,0.0,0.0,76.2,0,1,1,1,18.0,34.0,8.0,24.0,36.0,1,8,20
354,2019-08-22,9.0,2.0,8.0,11.0,6.0,8.0,10.0,4.0,4.0,11.0,11.0,3.0,87.0,0.0,1.0,1.0,0.0,0.0,0.0,0.0,0.0,0.0,0.0,0.0,0.0,0.0,0.0,75.8,0,1,1,1,33.0,43.0,11.0,33.0,54.0,3,8,22
355,2019-08-24,,,,,,,,2.0,3.0,1.0,0.0,1.0,7.0,0.0,0.0,0.0,0.0,1.0,0.0,0.0,0.0,0.0,0.0,0.0,0.0,0.0,0.0,76.0,0,1,0,1,7.0,,,2.0,5.0,5,8,24
356,2019-08-25,11.0,19.0,17.0,9.0,15.0,3.0,3.0,,,,,,77.0,0.0,0.0,0.0,1.0,0.0,1.0,0.0,1.0,0.0,0.0,0.0,0.0,0.0,0.0,76.4,0,1,0,1,,47.0,30.0,50.0,27.0,6,8,25
357,2019-08-27,8.0,4.0,5.0,5.0,5.0,3.0,5.0,2.0,4.0,2.0,2.0,3.0,48.0,1.0,0.0,0.0,0.0,0.0,0.0,0.0,1.0,1.0,0.0,0.0,0.0,0.0,0.0,75.4,0,1,1,1,13.0,23.0,12.0,24.0,24.0,1,8,27
358,2019-08-29,6.0,0.0,31.0,9.0,6.0,9.0,1.0,2.0,2.0,2.0,1.0,0.0,69.0,0.0,1.0,1.0,0.0,0.0,0.0,1.0,1.0,0.0,0.0,0.0,0.0,0.0,0.0,76.2,0,1,1,1,7.0,56.0,6.0,40.0,29.0,3,8,29
359,2019-08-31,,,,,,,,1.0,1.0,3.0,2.0,2.0,9.0,0.0,0.0,0.0,0.0,1.0,0.0,0.0,0.0,0.0,0.0,0.0,0.0,0.0,0.0,76.2,0,1,0,1,9.0,,,1.0,8.0,5,8,31
360,2019-09-01,22.0,18.0,6.0,7.0,9.0,1.0,8.0,,,,,,71.0,0.0,0.0,0.0,1.0,0.0,1.0,0.0,0.0,0.0,0.0,0.0,0.0,0.0,0.0,75.0,0,1,0,1,,31.0,40.0,54.0,17.0,6,9,1
361,2019-09-03,8.0,8.0,15.0,8.0,8.0,3.0,9.0,2.0,1.0,4.0,2.0,5.0,73.0,1.0,0.0,0.0,0.0,0.0,0.0,1.0,1.0,1.0,0.0,0.0,0.0,0.0,0.0,75.4,0,1,1,1,14.0,43.0,16.0,42.0,31.0,1,9,3
362,2019-09-05,14.0,10.0,9.0,10.0,7.0,9.0,3.0,1.0,5.0,11.0,2.0,4.0,85.0,0.0,1.0,1.0,0.0,0.0,0.0,0.0,0.0,0.0,1.0,0.0,0.0,0.0,0.0,75.8,0,1,1,1,23.0,38.0,24.0,37.0,48.0,3,9,5
363,2019-09-07,,,,,,,,4.0,5.0,4.0,1.0,10.0,24.0,0.0,0.0,0.0,0.0,1.0,0.0,0.0,1.0,0.0,0.0,0.0,0.0,0.0,0.0,75.8,0,1,0,1,24.0,,,4.0,20.0,5,9,7
364,2019-09-08,12.0,13.0,8.0,4.0,9.0,7.0,3.0,,,,,,56.0,0.0,0.0,0.0,1.0,0.0,1.0,0.0,1.0,0.0,0.0,0.0,0.0,0.0,0.0,77.0,0,1,0,1,,31.0,25.0,36.0,20.0,6,9,8
365,2019-09-10,6.0,6.0,5.0,3.0,7.0,5.0,5.0,1.0,4.0,11.0,2.0,6.0,61.0,1.0,0.0,0.0,0.0,0.0,0.0,0.0,0.0,1.0,0.0,0.0,0.0,0.0,0.0,75.6,0,1,1,1,24.0,25.0,12.0,23.0,38.0,1,9,10
366,2019-09-12,10.0,15.0,8.0,1.0,11.0,9.0,14.0,3.0,9.0,7.0,1.0,0.0,88.0,0.0,1.0,1.0,0.0,0.0,0.0,1.0,1.0,0.0,0.0,0.0,1.0,0.0,0.0,75.6,0,1,1,1,20.0,43.0,25.0,50.0,38.0,3,9,12
367,2019-09-14,,,,,,,,1.0,3.0,3.0,1.0,2.0,10.0,0.0,0.0,0.0,0.0,1.0,0.0,0.0,1.0,0.0,0.0,0.0,0.0,0.0,0.0,75.6,0,1,0,1,10.0,,,1.0,9.0,5,9,14
368,2019-09-15,12.0,11.0,9.0,6.0,1.0,6.0,5.0,,,,,,50.0,0.0,0.0,0.0,1.0,0.0,1.0,0.0,1.0,0.0,0.0,0.0,0.0,0.0,0.0,75.4,0,1,0,1,,27.0,23.0,37.0,13.0,6,9,15
369,2019-09-17,5.0,6.0,10.0,6.0,8.0,4.0,1.0,6.0,7.0,4.0,2.0,10.0,69.0,1.0,0.0,0.0,0.0,0.0,0.0,1.0,1.0,1.0,0.0,0.0,0.0,0.0,0.0,75.2,0,1,1,1,29.0,29.0,11.0,28.0,41.0,1,9,17
370,2019-09-18,13.0,4.0,20.0,7.0,14.0,10.0,16.0,4.0,5.0,8.0,3.0,4.0,108.0,0.0,1.0,1.0,0.0,0.0,0.0,1.0,1.0,0.0,0.0,0.0,0.0,0.0,0.0,75.0,0,1,1,1,24.0,67.0,17.0,57.0,51.0,2,9,18
371,2019-09-21,,,,,,,,7.0,2.0,8.0,5.0,11.0,33.0,0.0,0.0,0.0,0.0,1.0,0.0,0.0,1.0,0.0,0.0,0.0,0.0,0.0,0.0,75.0,0,1,0,1,33.0,,,7.0,26.0,5,9,21
372,2019-09-22,11.0,14.0,7.0,12.0,10.0,11.0,1.0,,,,,,66.0,0.0,0.0,0.0,1.0,0.0,1.0,0.0,0.0,0.0,0.0,0.0,0.0,0.0,0.0,74.4,0,1,0,1,,41.0,25.0,33.0,33.0,6,9,22
373,2019-09-24,12.0,4.0,9.0,5.0,7.0,9.0,4.0,5.0,7.0,8.0,5.0,10.0,85.0,1.0,0.0,0.0,0.0,0.0,0.0,0.0,1.0,1.0,0.0,0.0,0.0,0.0,0.0,74.6,0,1,1,1,35.0,34.0,16.0,34.0,51.0,1,9,24
374,2019-09-26,11.0,4.0,8.0,6.0,7.0,6.0,3.0,5.0,6.0,6.0,10.0,0.0,72.0,0.0,1.0,1.0,0.0,0.0,0.0,1.0,1.0,0.0,0.0,0.0,0.0,0.0,0.0,74.4,0,1,1,1,27.0,30.0,15.0,31.0,41.0,3,9,26
375,2019-09-28,,,,,,,,3.0,5.0,7.0,2.0,6.0,23.0,0.0,0.0,0.0,0.0,1.0,0.0,0.0,0.0,0.0,0.0,0.0,0.0,0.0,0.0,74.6,0,1,0,1,23.0,,,3.0,20.0,5,9,28
376,2019-09-29,18.0,14.0,16.0,13.0,22.0,11.0,11.0,,,,,,105.0,0.0,0.0,0.0,1.0,0.0,1.0,0.0,1.0,0.0,0.0,0.0,0.0,0.0,0.0,74.4,0,1,0,1,,73.0,32.0,59.0,46.0,6,9,29
377,2019-10-01,8.0,5.0,8.0,2.0,5.0,4.0,8.0,3.0,3.0,6.0,3.0,5.0,60.0,1.0,0.0,0.0,0.0,0.0,0.0,1.0,1.0,1.0,0.0,0.0,0.0,0.0,0.0,73.8,0,1,1,1,20.0,27.0,13.0,32.0,28.0,1,10,1
378,2019-10-03,6.0,1.0,7.0,5.0,3.0,3.0,9.0,2.0,7.0,0.0,3.0,1.0,47.0,0.0,1.0,1.0,0.0,0.0,0.0,1.0,1.0,0.0,0.0,0.0,0.0,0.0,0.0,73.4,0,1,1,1,13.0,27.0,7.0,25.0,22.0,3,10,3
379,2019-10-05,,,,,,,,2.0,2.0,1.0,4.0,1.0,10.0,0.0,0.0,0.0,0.0,1.0,0.0,0.0,0.0,0.0,0.0,0.0,0.0,0.0,0.0,73.8,0,1,0,1,10.0,,,2.0,8.0,5,10,5
380,2019-10-06,19.0,6.0,18.0,11.0,19.0,7.0,9.0,,,,,,89.0,0.0,0.0,0.0,1.0,0.0,1.0,0.0,1.0,0.0,0.0,0.0,0.0,0.0,0.0,73.6,0,1,0,1,,64.0,25.0,52.0,37.0,6,10,6
381,2019-10-08,7.0,6.0,3.0,3.0,5.0,4.0,3.0,1.0,2.0,4.0,2.0,5.0,45.0,1.0,0.0,0.0,0.0,0.0,0.0,1.0,1.0,1.0,0.0,0.0,0.0,0.0,0.0,73.2,0,1,1,1,14.0,18.0,13.0,20.0,25.0,1,10,8
382,2019-10-10,19.0,5.0,17.0,7.0,7.0,7.0,14.0,0.0,7.0,10.0,2.0,5.0,100.0,0.0,1.0,1.0,0.0,0.0,0.0,1.0,1.0,0.0,0.0,0.0,0.0,0.0,0.0,73.0,0,1,1,1,24.0,52.0,24.0,55.0,45.0,3,10,10
383,2019-10-12,,,,,,,,4.0,7.0,13.0,3.0,3.0,30.0,0.0,0.0,0.0,0.0,1.0,0.0,0.0,0.0,0.0,0.0,0.0,0.0,0.0,0.0,73.4,0,1,0,1,30.0,,,4.0,26.0,5,10,12
384,2019-10-13,16.0,13.0,11.0,4.0,1.0,7.0,1.0,,,,,,53.0,0.0,0.0,0.0,1.0,0.0,1.0,0.0,1.0,0.0,0.0,0.0,0.0,0.0,0.0,73.0,0,1,0,1,,24.0,29.0,41.0,12.0,6,10,13
385,2019-10-15,,,,,,,,3.0,7.0,4.0,2.0,7.0,23.0,1.0,0.0,0.0,0.0,0.0,0.0,1.0,1.0,1.0,0.0,0.0,0.0,0.0,0.0,77.2,0,1,1,1,23.0,,,3.0,20.0,1,10,15
386,2019-10-17,28.0,21.0,20.0,13.0,10.0,7.0,9.0,1.0,2.0,3.0,1.0,1.0,116.0,0.0,1.0,1.0,0.0,0.0,0.0,1.0,1.0,0.0,0.0,0.0,0.0,0.0,0.0,72.0,0,1,1,1,8.0,59.0,49.0,79.0,37.0,3,10,17
387,2019-10-19,,,,,,,,0.0,2.0,2.0,4.0,3.0,11.0,0.0,0.0,0.0,0.0,1.0,0.0,0.0,0.0,0.0,0.0,0.0,0.0,0.0,0.0,73.0,0,1,0,1,11.0,,,0.0,11.0,5,10,19
388,2019-10-20,11.0,14.0,17.0,7.0,6.0,11.0,0.0,,,,,,66.0,0.0,0.0,0.0,1.0,0.0,1.0,0.0,1.0,0.0,0.0,0.0,0.0,0.0,0.0,72.8,0,1,0,1,,41.0,25.0,42.0,24.0,6,10,20
389,2019-10-22,16.0,12.0,7.0,9.0,13.0,12.0,1.0,3.0,1.0,3.0,0.0,0.0,77.0,1.0,0.0,0.0,0.0,0.0,0.0,1.0,1.0,1.0,0.0,0.0,0.0,0.0,0.0,73.0,0,1,1,1,7.0,42.0,28.0,39.0,38.0,1,10,22
390,2019-10-24,18.0,11.0,22.0,5.0,17.0,22.0,11.0,3.0,4.0,10.0,9.0,8.0,140.0,0.0,1.0,1.0,0.0,0.0,0.0,1.0,1.0,0.0,0.0,0.0,0.0,0.0,0.0,73.4,0,1,1,1,34.0,77.0,29.0,65.0,75.0,3,10,24
391,2019-10-26,,,,,,,,7.0,5.0,5.0,3.0,15.0,35.0,0.0,0.0,0.0,0.0,1.0,0.0,0.0,0.0,0.0,0.0,0.0,0.0,0.0,0.0,72.8,0,1,0,1,35.0,,,7.0,28.0,5,10,26
392,2019-10-28,11.0,8.0,6.0,6.0,0.0,2.0,3.0,,,,,,36.0,0.0,0.0,0.0,1.0,0.0,1.0,0.0,1.0,0.0,0.0,0.0,0.0,0.0,0.0,73.0,0,1,0,1,,17.0,19.0,28.0,8.0,0,10,28
393,2019-10-29,4.0,5.0,8.0,4.0,3.0,3.0,3.0,4.0,5.0,2.0,7.0,0.0,48.0,1.0,0.0,0.0,0.0,0.0,0.0,1.0,1.0,1.0,0.0,0.0,0.0,0.0,0.0,73.0,0,1,1,1,18.0,21.0,9.0,24.0,24.0,1,10,29
394,2019-10-31,11.0,10.0,9.0,5.0,9.0,2.0,10.0,1.0,2.0,0.0,1.0,1.0,61.0,0.0,1.0,1.0,0.0,0.0,0.0,1.0,1.0,0.0,0.0,0.0,0.0,0.0,0.0,72.4,0,1,1,1,5.0,35.0,21.0,41.0,20.0,3,10,31
395,2019-11-02,,,,,,,,4.0,8.0,2.0,6.0,4.0,24.0,0.0,0.0,0.0,0.0,1.0,0.0,0.0,0.0,0.0,0.0,0.0,0.0,0.0,0.0,72.8,0,1,0,1,24.0,,,4.0,20.0,5,11,2
396,2019-11-03,3.0,9.0,6.0,4.0,11.0,7.0,6.0,,,,,,46.0,0.0,0.0,0.0,1.0,0.0,1.0,0.0,1.0,0.0,0.0,0.0,0.0,0.0,0.0,73.0,0,1,0,1,,34.0,12.0,24.0,22.0,6,11,3
397,2019-11-05,3.0,1.0,9.0,1.0,4.0,2.0,2.0,2.0,5.0,2.0,4.0,1.0,36.0,1.0,0.0,0.0,0.0,0.0,0.0,1.0,1.0,1.0,0.0,0.0,0.0,0.0,0.0,73.2,0,1,1,1,14.0,18.0,4.0,17.0,19.0,1,11,5
398,2019-11-07,3.0,0.0,9.0,6.0,2.0,5.0,17.0,1.0,0.0,4.0,2.0,2.0,51.0,0.0,1.0,1.0,0.0,0.0,0.0,0.0,1.0,0.0,0.0,0.0,0.0,0.0,0.0,72.6,0,1,1,1,9.0,39.0,3.0,30.0,21.0,3,11,7
399,2019-11-09,,,,,,,,6.0,3.0,7.0,1.0,7.0,24.0,0.0,0.0,0.0,0.0,1.0,0.0,0.0,0.0,0.0,0.0,0.0,0.0,0.0,0.0,72.8,0,1,0,1,24.0,,,6.0,18.0,5,11,9
400,2019-11-10,19.0,12.0,9.0,4.0,3.0,11.0,12.0,,,,,,70.0,0.0,0.0,0.0,1.0,0.0,1.0,0.0,0.0,0.0,0.0,0.0,0.0,0.0,0.0,72.8,0,1,0,1,,39.0,31.0,52.0,18.0,6,11,10
401,2019-11-12,14.0,16.0,5.0,14.0,8.0,11.0,9.0,4.0,4.0,3.0,2.0,9.0,99.0,1.0,0.0,0.0,0.0,0.0,0.0,0.0,0.0,1.0,0.0,0.0,0.0,0.0,0.0,73.4,0,1,1,1,22.0,47.0,30.0,48.0,51.0,1,11,12
402,2019-11-14,5.0,20.0,19.0,7.0,7.0,14.0,10.0,0.0,5.0,8.0,0.0,3.0,98.0,0.0,1.0,1.0,0.0,0.0,0.0,1.0,1.0,0.0,0.0,0.0,0.0,0.0,0.0,73.0,0,1,1,1,16.0,57.0,25.0,54.0,44.0,3,11,14
403,2019-11-16,,,,,,,,1.0,1.0,5.0,1.0,1.0,9.0,0.0,0.0,0.0,0.0,1.0,0.0,0.0,0.0,0.0,0.0,0.0,0.0,0.0,0.0,73.0,0,1,0,1,9.0,,,1.0,8.0,5,11,16
404,2019-11-17,27.0,29.0,21.0,21.0,25.0,24.0,22.0,,,,,,169.0,0.0,0.0,0.0,1.0,0.0,1.0,0.0,1.0,0.0,0.0,0.0,0.0,0.0,0.0,72.8,0,1,0,1,,113.0,56.0,99.0,70.0,6,11,17
405,2019-11-19,6.0,8.0,5.0,3.0,4.0,2.0,2.0,0.0,4.0,2.0,5.0,4.0,45.0,1.0,0.0,0.0,0.0,0.0,0.0,1.0,1.0,1.0,0.0,0.0,0.0,0.0,0.0,73.6,0,1,1,1,15.0,16.0,14.0,21.0,24.0,1,11,19
406,2019-11-21,6.0,1.0,18.0,10.0,7.0,10.0,2.0,1.0,3.0,6.0,2.0,3.0,69.0,0.0,1.0,1.0,0.0,0.0,0.0,0.0,0.0,0.0,0.0,1.0,1.0,0.0,0.0,73.6,0,1,1,1,15.0,47.0,7.0,28.0,41.0,3,11,21
407,2019-11-23,,,,,,,,4.0,4.0,1.0,2.0,3.0,14.0,0.0,0.0,0.0,0.0,1.0,0.0,0.0,0.0,0.0,0.0,0.0,0.0,0.0,0.0,73.8,0,1,0,1,14.0,,,4.0,10.0,5,11,23
408,2019-11-24,9.0,15.0,13.0,13.0,5.0,10.0,5.0,,,,,,70.0,0.0,0.0,0.0,1.0,0.0,1.0,0.0,1.0,0.0,0.0,0.0,0.0,0.0,0.0,73.4,0,1,0,1,,46.0,24.0,42.0,28.0,6,11,24
409,2019-11-26,14.0,9.0,8.0,8.0,4.0,8.0,3.0,2.0,4.0,0.0,0.0,5.0,65.0,1.0,0.0,0.0,0.0,0.0,0.0,1.0,1.0,1.0,0.0,0.0,0.0,0.0,0.0,73.6,0,1,1,1,11.0,31.0,23.0,36.0,29.0,1,11,26
410,2019-11-30,,,,,,,,5.0,7.0,15.0,4.0,5.0,36.0,0.0,0.0,0.0,0.0,1.0,0.0,0.0,0.0,0.0,0.0,0.0,0.0,0.0,0.0,72.6,0,1,0,1,36.0,,,5.0,31.0,5,11,30
411,2019-12-01,8.0,24.0,8.0,4.0,3.0,5.0,1.0,,,,,,53.0,0.0,0.0,0.0,1.0,0.0,1.0,0.0,1.0,0.0,0.0,0.0,0.0,0.0,0.0,72.8,0,1,0,1,,21.0,32.0,41.0,12.0,6,12,1
412,2019-12-03,9.0,7.0,7.0,4.0,5.0,4.0,0.0,3.0,1.0,2.0,3.0,0.0,45.0,1.0,0.0,0.0,0.0,0.0,0.0,1.0,1.0,1.0,0.0,0.0,0.0,0.0,0.0,73.2,0,1,1,1,9.0,20.0,16.0,26.0,19.0,1,12,3
413,2019-12-05,5.0,11.0,17.0,14.0,10.0,20.0,10.0,6.0,1.0,10.0,1.0,3.0,108.0,0.0,1.0,1.0,0.0,0.0,0.0,1.0,1.0,0.0,0.0,0.0,0.0,0.0,0.0,73.8,0,1,1,1,21.0,71.0,16.0,49.0,59.0,3,12,5
414,2019-12-07,,,,,,,,3.0,5.0,7.0,7.0,4.0,26.0,0.0,0.0,0.0,0.0,1.0,0.0,0.0,0.0,0.0,0.0,0.0,0.0,0.0,0.0,73.4,0,1,0,1,26.0,,,3.0,23.0,5,12,7
415,2019-12-08,7.0,10.0,16.0,10.0,5.0,5.0,5.0,,,,,,58.0,0.0,0.0,0.0,1.0,0.0,1.0,0.0,1.0,0.0,0.0,0.0,0.0,0.0,0.0,73.8,0,1,0,1,,41.0,17.0,38.0,20.0,6,12,8
416,2019-12-10,8.0,4.0,5.0,2.0,5.0,1.0,4.0,1.0,3.0,2.0,1.0,3.0,39.0,1.0,0.0,0.0,0.0,0.0,0.0,1.0,1.0,1.0,0.0,0.0,0.0,0.0,0.0,74.0,0,1,1,1,10.0,17.0,12.0,22.0,17.0,1,12,10
417,2019-12-12,2.0,0.0,11.0,11.0,5.0,8.0,3.0,5.0,4.0,7.0,1.0,1.0,58.0,0.0,1.0,1.0,0.0,0.0,0.0,1.0,1.0,0.0,0.0,0.0,0.0,0.0,0.0,74.2,0,1,1,1,18.0,38.0,2.0,21.0,37.0,3,12,12
418,2019-12-15,,,,,,,,4.0,4.0,2.0,2.0,6.0,18.0,0.0,0.0,0.0,1.0,0.0,1.0,0.0,0.0,0.0,0.0,0.0,0.0,0.0,0.0,74.2,0,1,0,1,18.0,,,4.0,14.0,6,12,15
419,2019-12-16,8.0,5.0,7.0,3.0,2.0,0.0,2.0,,,,,,27.0,0.0,0.0,0.0,1.0,0.0,1.0,0.0,1.0,0.0,0.0,0.0,0.0,0.0,0.0,74.0,0,1,0,1,,14.0,13.0,22.0,5.0,0,12,16
420,2019-12-17,8.0,6.0,3.0,3.0,0.0,7.0,4.0,1.0,2.0,7.0,1.0,1.0,43.0,1.0,0.0,0.0,0.0,0.0,0.0,1.0,1.0,1.0,0.0,0.0,0.0,0.0,0.0,73.8,0,1,1,1,12.0,17.0,14.0,22.0,21.0,1,12,17
421,2019-12-19,8.0,0.0,11.0,8.0,2.0,2.0,10.0,3.0,4.0,6.0,5.0,5.0,64.0,0.0,1.0,0.0,0.0,0.0,0.0,0.0,0.0,0.0,0.0,0.0,0.0,0.0,0.0,73.6,0,1,1,1,23.0,33.0,8.0,32.0,32.0,3,12,19
422,2019-12-21,,,,,,,,7.0,5.0,0.0,3.0,8.0,23.0,0.0,0.0,0.0,0.0,1.0,0.0,0.0,0.0,0.0,0.0,0.0,0.0,0.0,0.0,73.0,0,1,0,1,23.0,,,7.0,16.0,5,12,21
423,2019-12-22,9.0,11.0,20.0,5.0,5.0,13.0,5.0,,,,,,68.0,0.0,0.0,0.0,1.0,0.0,1.0,0.0,1.0,0.0,0.0,0.0,0.0,0.0,0.0,73.6,0,1,0,1,,48.0,20.0,45.0,23.0,6,12,22
424,2019-12-24,1.0,6.0,5.0,4.0,10.0,5.0,2.0,2.0,4.0,2.0,0.0,3.0,44.0,1.0,0.0,0.0,0.0,0.0,0.0,1.0,1.0,1.0,0.0,0.0,0.0,0.0,0.0,73.4,0,1,1,1,11.0,26.0,7.0,16.0,28.0,1,12,24
425,2019-12-26,13.0,10.0,14.0,5.0,7.0,1.0,2.0,0.0,4.0,0.0,3.0,1.0,60.0,0.0,1.0,1.0,0.0,0.0,0.0,0.0,0.0,0.0,0.0,0.0,0.0,0.0,0.0,73.6,0,1,1,1,8.0,29.0,23.0,39.0,21.0,3,12,26
426,2019-12-28,,,,,,,,1.0,4.0,4.0,3.0,4.0,16.0,0.0,0.0,0.0,0.0,1.0,0.0,0.0,0.0,0.0,0.0,0.0,0.0,0.0,0.0,73.0,0,1,0,1,16.0,,,1.0,15.0,5,12,28
427,2019-12-29,8.0,15.0,13.0,5.0,13.0,13.0,2.0,,,,,,69.0,0.0,0.0,0.0,1.0,0.0,1.0,0.0,1.0,0.0,0.0,0.0,0.0,0.0,0.0,73.6,0,1,0,1,,46.0,23.0,38.0,31.0,6,12,29
428,2019-12-31,6.0,6.0,3.0,5.0,3.0,4.0,5.0,0.0,2.0,2.0,0.0,5.0,41.0,1.0,0.0,0.0,0.0,0.0,0.0,1.0,1.0,1.0,0.0,0.0,0.0,0.0,0.0,73.4,0,1,1,1,9.0,20.0,12.0,20.0,21.0,1,12,31
429,2020-01-02,8.0,10.0,0.0,4.0,6.0,9.0,6.0,1.0,4.0,9.0,8.0,0.0,65.0,0.0,1.0,1.0,0.0,0.0,0.0,1.0,1.0,0.0,1.0,0.0,0.0,0.0,0.0,73.4,0,1,1,1,22.0,25.0,18.0,25.0,40.0,3,1,2
430,2020-01-04,,,,,,,,6.0,9.0,7.0,4.0,16.0,42.0,0.0,0.0,0.0,0.0,1.0,0.0,0.0,0.0,0.0,0.0,0.0,0.0,0.0,0.0,73.2,0,1,0,1,42.0,,,6.0,36.0,5,1,4
431,2020-01-06,9.0,0.0,13.0,6.0,4.0,10.0,5.0,,,,,,47.0,0.0,0.0,0.0,1.0,0.0,1.0,0.0,1.0,0.0,0.0,0.0,0.0,0.0,0.0,73.8,0,1,0,1,,38.0,9.0,27.0,20.0,0,1,6
432,2020-01-07,2.0,2.0,3.0,5.0,3.0,4.0,4.0,1.0,4.0,3.0,3.0,7.0,41.0,1.0,0.0,0.0,0.0,0.0,0.0,1.0,1.0,1.0,0.0,0.0,0.0,0.0,0.0,73.8,0,1,1,1,18.0,19.0,4.0,12.0,29.0,1,1,7
433,2020-01-09,9.0,0.0,9.0,7.0,9.0,9.0,6.0,4.0,1.0,3.0,1.0,8.0,66.0,0.0,1.0,0.0,0.0,0.0,0.0,1.0,1.0,0.0,0.0,1.0,0.0,0.0,0.0,73.6,0,1,1,1,17.0,40.0,9.0,28.0,38.0,3,1,9
434,2020-01-11,,,,,,,,3.0,3.0,5.0,1.0,6.0,18.0,0.0,0.0,0.0,0.0,1.0,0.0,0.0,0.0,0.0,0.0,0.0,0.0,0.0,0.0,73.0,0,1,0,1,18.0,,,3.0,15.0,5,1,11
435,2020-01-12,2.0,14.0,11.0,3.0,5.0,4.0,5.0,,,,,,44.0,0.0,0.0,0.0,1.0,0.0,1.0,0.0,1.0,0.0,0.0,0.0,0.0,0.0,0.0,73.6,0,1,0,1,,28.0,16.0,32.0,12.0,6,1,12
436,2020-01-14,7.0,6.0,10.0,4.0,5.0,8.0,4.0,4.0,2.0,13.0,2.0,1.0,66.0,1.0,0.0,0.0,0.0,0.0,0.0,1.0,1.0,1.0,0.0,0.0,0.0,0.0,0.0,73.4,0,1,1,1,22.0,31.0,13.0,31.0,35.0,1,1,14
437,2020-01-16,14.0,11.0,9.0,3.0,9.0,7.0,7.0,6.0,2.0,8.0,2.0,1.0,79.0,0.0,1.0,1.0,0.0,0.0,0.0,1.0,1.0,0.0,0.0,0.0,0.0,0.0,0.0,72.6,0,1,1,1,19.0,35.0,25.0,47.0,32.0,3,1,16
438,2020-01-18,,,,,,,,1.0,3.0,4.0,2.0,6.0,16.0,0.0,0.0,0.0,0.0,1.0,0.0,0.0,0.0,0.0,0.0,0.0,0.0,0.0,0.0,73.0,0,1,0,1,16.0,,,1.0,15.0,5,1,18
439,2020-01-19,16.0,6.0,23.0,3.0,24.0,11.0,8.0,,,,,,91.0,1.0,0.0,0.0,1.0,0.0,0.0,0.0,0.0,0.0,0.0,0.0,0.0,0.0,0.0,73.2,0,1,0,1,,69.0,22.0,53.0,38.0,6,1,19
440,2020-01-21,4.0,3.0,5.0,1.0,2.0,1.0,5.0,4.0,1.0,2.0,1.0,2.0,31.0,1.0,0.0,0.0,0.0,0.0,0.0,0.0,0.0,1.0,0.0,0.0,0.0,0.0,0.0,73.0,0,1,1,1,10.0,14.0,7.0,21.0,10.0,1,1,21
441,2020-01-23,7.0,7.0,11.0,7.0,18.0,6.0,9.0,1.0,1.0,6.0,1.0,3.0,77.0,0.0,1.0,0.0,0.0,0.0,0.0,1.0,0.0,0.0,0.0,0.0,0.0,0.0,0.0,73.0,0,1,1,1,12.0,51.0,14.0,35.0,42.0,3,1,23
442,2020-01-25,,,,,,,,5.0,2.0,10.0,0.0,2.0,19.0,0.0,0.0,0.0,0.0,1.0,0.0,0.0,0.0,0.0,0.0,0.0,0.0,0.0,0.0,73.4,0,1,0,1,19.0,,,5.0,14.0,5,1,25
443,2020-01-26,9.0,17.0,11.0,9.0,15.0,8.0,3.0,,,,,,72.0,0.0,0.0,0.0,1.0,0.0,1.0,0.0,1.0,0.0,0.0,0.0,0.0,0.0,0.0,74.4,0,1,0,1,,46.0,26.0,40.0,32.0,6,1,26
444,2020-01-28,0.0,4.0,8.0,2.0,7.0,10.0,7.0,4.0,1.0,8.0,3.0,3.0,57.0,1.0,0.0,0.0,0.0,0.0,0.0,1.0,1.0,1.0,0.0,0.0,0.0,0.0,0.0,74.2,0,1,1,1,19.0,34.0,4.0,23.0,34.0,1,1,28
445,2020-01-30,4.0,5.0,11.0,6.0,7.0,10.0,3.0,3.0,0.0,7.0,2.0,4.0,62.0,0.0,1.0,0.0,0.0,0.0,0.0,0.0,1.0,0.0,1.0,0.0,0.0,0.0,0.0,74.2,0,1,1,1,16.0,37.0,9.0,26.0,36.0,3,1,30
446,2020-02-01,,,,,,,,3.0,6.0,1.0,2.0,8.0,20.0,0.0,0.0,0.0,0.0,1.0,0.0,0.0,0.0,0.0,0.0,0.0,0.0,0.0,0.0,73.0,0,1,0,1,20.0,,,3.0,17.0,5,2,1
447,2020-02-02,5.0,18.0,11.0,8.0,7.0,8.0,10.0,,,,,,67.0,0.0,0.0,0.0,1.0,0.0,1.0,0.0,1.0,0.0,0.0,0.0,0.0,0.0,0.0,74.2,0,1,0,1,,44.0,23.0,44.0,23.0,6,2,2
448,2020-02-04,4.0,4.0,6.0,5.0,6.0,7.0,3.0,4.0,5.0,6.0,1.0,6.0,57.0,1.0,0.0,0.0,0.0,0.0,0.0,1.0,1.0,1.0,0.0,0.0,0.0,0.0,0.0,73.8,0,1,1,1,22.0,27.0,8.0,21.0,36.0,1,2,4
449,2020-02-06,11.0,8.0,11.0,17.0,7.0,13.0,8.0,2.0,1.0,7.0,0.0,0.0,85.0,0.0,1.0,1.0,0.0,0.0,0.0,1.0,1.0,0.0,0.0,1.0,0.0,0.0,0.0,73.6,0,1,1,1,10.0,56.0,19.0,40.0,45.0,3,2,6
450,2020-02-08,,,,,,,,0.0,4.0,5.0,6.0,1.0,16.0,0.0,0.0,0.0,0.0,1.0,0.0,0.0,1.0,0.0,0.0,0.0,0.0,0.0,0.0,73.4,0,1,0,1,16.0,,,0.0,16.0,5,2,8
451,2020-02-09,5.0,27.0,26.0,16.0,13.0,16.0,5.0,,,,,,108.0,0.0,0.0,0.0,1.0,0.0,1.0,0.0,1.0,0.0,0.0,0.0,0.0,0.0,0.0,74.0,0,1,0,1,,76.0,32.0,63.0,45.0,6,2,9
452,2020-02-11,3.0,4.0,5.0,4.0,4.0,6.0,3.0,5.0,3.0,5.0,4.0,0.0,46.0,1.0,0.0,0.0,0.0,0.0,0.0,1.0,1.0,1.0,0.0,0.0,0.0,0.0,0.0,73.6,0,1,1,1,17.0,22.0,7.0,20.0,26.0,1,2,11
453,2020-02-13,7.0,6.0,6.0,5.0,2.0,1.0,12.0,6.0,3.0,11.0,0.0,3.0,62.0,0.0,1.0,0.0,0.0,0.0,1.0,0.0,1.0,0.0,0.0,0.0,0.0,0.0,0.0,73.4,0,1,1,1,23.0,26.0,13.0,37.0,25.0,3,2,13
454,2020-02-15,,,,,,,,1.0,3.0,2.0,2.0,2.0,10.0,0.0,0.0,0.0,0.0,1.0,0.0,0.0,0.0,0.0,0.0,0.0,0.0,0.0,0.0,73.0,0,1,0,1,10.0,,,1.0,9.0,5,2,15
455,2020-02-16,6.0,9.0,3.0,8.0,17.0,1.0,8.0,,,,,,52.0,0.0,0.0,0.0,1.0,0.0,1.0,0.0,1.0,0.0,0.0,0.0,0.0,0.0,0.0,73.8,0,1,0,1,,37.0,15.0,26.0,26.0,6,2,16
456,2020-02-18,4.0,8.0,11.0,9.0,8.0,7.0,5.0,2.0,1.0,1.0,0.0,6.0,62.0,1.0,0.0,0.0,0.0,0.0,0.0,1.0,1.0,1.0,0.0,0.0,0.0,0.0,0.0,73.8,0,1,1,1,10.0,40.0,12.0,30.0,32.0,1,2,18
457,2020-02-20,8.0,10.0,9.0,1.0,6.0,15.0,7.0,5.0,3.0,6.0,9.0,3.0,82.0,0.0,1.0,1.0,0.0,0.0,0.0,1.0,1.0,0.0,0.0,1.0,0.0,0.0,0.0,73.4,0,1,1,1,26.0,38.0,18.0,39.0,43.0,3,2,20
458,2020-02-22,,,,,,,,4.0,3.0,6.0,3.0,9.0,25.0,0.0,0.0,0.0,0.0,1.0,0.0,0.0,0.0,0.0,0.0,0.0,0.0,0.0,0.0,73.0,0,1,0,1,25.0,,,4.0,21.0,5,2,22
459,2020-02-23,7.0,42.0,18.0,14.0,12.0,13.0,15.0,,,,,,121.0,0.0,0.0,0.0,1.0,0.0,1.0,0.0,1.0,0.0,0.0,0.0,0.0,0.0,0.0,73.6,0,1,0,1,,72.0,49.0,82.0,39.0,6,2,23
460,2020-02-24,6.0,8.0,2.0,7.0,9.0,8.0,6.0,5.0,2.0,6.0,1.0,1.0,61.0,1.0,0.0,0.0,0.0,0.0,0.0,1.0,1.0,1.0,0.0,0.0,0.0,0.0,0.0,73.6,0,1,1,1,15.0,32.0,14.0,27.0,34.0,0,2,24
461,2020-02-27,7.0,10.0,4.0,5.0,4.0,4.0,6.0,0.0,1.0,0.0,0.0,1.0,42.0,0.0,1.0,1.0,0.0,0.0,0.0,1.0,1.0,0.0,1.0,0.0,0.0,0.0,0.0,73.2,0,1,1,1,2.0,23.0,17.0,27.0,15.0,3,2,27
462,2020-02-29,,,,,,,,2.0,2.0,3.0,2.0,2.0,11.0,0.0,0.0,0.0,0.0,1.0,0.0,0.0,0.0,0.0,0.0,0.0,0.0,0.0,0.0,73.2,0,1,0,1,11.0,,,2.0,9.0,5,2,29
463,2020-03-01,1.0,17.0,16.0,12.0,6.0,9.0,10.0,,,,,,71.0,0.0,0.0,0.0,1.0,0.0,1.0,0.0,1.0,0.0,0.0,0.0,0.0,0.0,0.0,73.4,0,1,0,1,,53.0,18.0,44.0,27.0,6,3,1
464,2020-03-03,3.0,5.0,13.0,8.0,11.0,12.0,3.0,3.0,3.0,8.0,1.0,12.0,82.0,1.0,0.0,0.0,0.0,0.0,0.0,1.0,1.0,0.0,0.0,0.0,0.0,0.0,0.0,73.4,0,1,1,1,27.0,47.0,8.0,27.0,55.0,1,3,3
465,2020-03-05,13.0,10.0,12.0,4.0,2.0,6.0,9.0,2.0,2.0,0.0,4.0,4.0,68.0,0.0,1.0,1.0,0.0,0.0,1.0,1.0,1.0,0.0,0.0,0.0,0.0,0.0,0.0,73.4,0,1,1,1,12.0,33.0,23.0,46.0,22.0,3,3,5
466,2020-03-07,,,,,,,,3.0,5.0,4.0,7.0,12.0,31.0,0.0,0.0,0.0,0.0,1.0,0.0,0.0,0.0,0.0,0.0,0.0,0.0,0.0,0.0,73.2,0,1,0,1,31.0,,,3.0,28.0,5,3,7
467,2020-03-08,13.0,26.0,24.0,21.0,10.0,11.0,13.0,,,,,,118.0,0.0,0.0,0.0,1.0,0.0,1.0,0.0,1.0,0.0,0.0,0.0,0.0,0.0,0.0,74.2,0,1,0,1,,79.0,39.0,76.0,42.0,6,3,8
468,2020-03-10,9.0,15.0,6.0,3.0,7.0,7.0,4.0,5.0,1.0,9.0,1.0,8.0,75.0,1.0,0.0,0.0,0.0,0.0,0.0,1.0,1.0,0.0,0.0,0.0,0.0,0.0,0.0,74.2,0,1,1,1,24.0,27.0,24.0,39.0,36.0,1,3,10
469,2020-03-12,10.0,1.0,16.0,9.0,11.0,14.0,2.0,5.0,4.0,9.0,7.0,5.0,93.0,0.0,1.0,1.0,0.0,0.0,0.0,1.0,1.0,0.0,0.0,1.0,0.0,0.0,0.0,74.2,0,1,1,1,30.0,52.0,11.0,34.0,59.0,3,3,12
470,2020-03-14,,,,,,,,1.0,1.0,4.0,4.0,5.0,15.0,0.0,0.0,0.0,0.0,1.0,0.0,0.0,0.0,0.0,0.0,0.0,0.0,0.0,0.0,73.6,1,1,0,1,15.0,,,1.0,14.0,5,3,14
471,2020-03-15,2.0,15.0,19.0,14.0,7.0,11.0,13.0,,,,,,81.0,0.0,0.0,0.0,1.0,0.0,1.0,0.0,1.0,0.0,0.0,0.0,0.0,0.0,0.0,74.6,1,1,0,1,,64.0,17.0,49.0,32.0,6,3,15
472,2020-03-17,16.0,16.0,6.0,15.0,9.0,8.0,13.0,1.0,5.0,3.0,0.0,1.0,93.0,1.0,0.0,0.0,0.0,0.0,0.0,1.0,1.0,0.0,0.0,0.0,0.0,0.0,0.0,74.6,1,1,1,1,10.0,51.0,32.0,52.0,41.0,1,3,17
473,2020-03-19,3.0,6.0,15.0,7.0,15.0,8.0,10.0,4.0,14.0,7.0,4.0,4.0,97.0,0.0,1.0,1.0,0.0,0.0,0.0,0.0,0.0,0.0,0.0,0.0,0.0,0.0,0.0,74.6,1,1,1,1,33.0,55.0,9.0,38.0,59.0,3,3,19
474,2020-03-21,,,,,,,,0.0,2.0,1.0,1.0,2.0,6.0,0.0,0.0,0.0,1.0,0.0,0.0,0.0,0.0,0.0,0.0,0.0,0.0,0.0,0.0,74.4,1,1,0,1,6.0,,,0.0,6.0,5,3,21
475,2020-03-22,15.0,18.0,8.0,14.0,9.0,15.0,4.0,,,,,,83.0,0.0,0.0,0.0,1.0,0.0,1.0,0.0,0.0,0.0,0.0,0.0,0.0,0.0,0.0,74.6,1,1,0,1,,50.0,33.0,45.0,38.0,6,3,22
476,2020-03-26,3.0,11.0,6.0,10.0,14.0,10.0,4.0,0.0,5.0,11.0,4.0,6.0,84.0,0.0,1.0,1.0,0.0,0.0,0.0,1.0,1.0,0.0,1.0,0.0,0.0,0.0,0.0,74.6,1,1,1,1,26.0,44.0,14.0,24.0,60.0,3,3,26
477,2020-03-28,,,,,,,,5.0,5.0,4.0,0.0,4.0,18.0,0.0,0.0,1.0,0.0,1.0,0.0,0.0,1.0,0.0,0.0,0.0,0.0,0.0,0.0,74.0,1,1,0,1,18.0,,,5.0,13.0,5,3,28
478,2020-03-29,5.0,9.0,4.0,8.0,11.0,8.0,10.0,,,,,,55.0,0.0,0.0,0.0,1.0,0.0,1.0,1.0,0.0,0.0,0.0,0.0,0.0,0.0,0.0,73.2,1,1,0,1,,41.0,14.0,28.0,27.0,6,3,29
479,2020-03-31,4.0,1.0,6.0,7.0,10.0,8.0,3.0,1.0,3.0,2.0,4.0,2.0,51.0,1.0,0.0,0.0,0.0,0.0,0.0,0.0,1.0,0.0,0.0,0.0,0.0,0.0,0.0,73.2,1,1,1,1,12.0,34.0,5.0,15.0,36.0,1,3,31
480,2020-04-02,3.0,1.0,15.0,7.0,5.0,4.0,2.0,3.0,1.0,6.0,7.0,2.0,56.0,0.0,1.0,1.0,0.0,0.0,0.0,1.0,0.0,0.0,0.0,0.0,0.0,0.0,0.0,72.6,1,1,1,1,19.0,33.0,4.0,24.0,32.0,3,4,2
481,2020-04-04,,,,,,,,3.0,9.0,7.0,3.0,2.0,24.0,0.0,0.0,0.0,0.0,1.0,0.0,0.0,0.0,0.0,0.0,0.0,0.0,0.0,0.0,72.2,1,1,0,1,24.0,,,3.0,21.0,5,4,4
482,2020-04-05,1.0,9.0,9.0,11.0,6.0,7.0,0.0,,,,,,43.0,0.0,0.0,0.0,1.0,0.0,1.0,0.0,1.0,0.0,0.0,0.0,0.0,0.0,0.0,73.0,1,1,0,1,,33.0,10.0,19.0,24.0,6,4,5
483,2020-04-07,2.0,5.0,4.0,10.0,7.0,8.0,2.0,0.0,0.0,3.0,2.0,2.0,45.0,1.0,0.0,0.0,0.0,0.0,0.0,1.0,1.0,0.0,0.0,0.0,0.0,0.0,0.0,72.8,1,1,1,1,7.0,31.0,7.0,13.0,32.0,1,4,7
484,2020-04-09,11.0,9.0,10.0,6.0,2.0,5.0,11.0,4.0,3.0,6.0,9.0,3.0,79.0,0.0,1.0,1.0,0.0,0.0,0.0,1.0,1.0,0.0,0.0,0.0,0.0,0.0,0.0,73.4,1,1,1,1,25.0,34.0,20.0,45.0,34.0,3,4,9
485,2020-04-11,,,,,,,,4.0,7.0,8.0,1.0,3.0,23.0,0.0,0.0,0.0,0.0,1.0,0.0,0.0,0.0,0.0,0.0,0.0,0.0,0.0,0.0,73.8,1,1,0,1,23.0,,,4.0,19.0,5,4,11
486,2020-04-12,7.0,5.0,3.0,7.0,7.0,14.0,2.0,,,,,,45.0,0.0,0.0,0.0,1.0,0.0,1.0,0.0,0.0,0.0,0.0,0.0,0.0,0.0,0.0,73.0,1,1,0,1,,33.0,12.0,17.0,28.0,6,4,12
487,2020-04-14,3.0,7.0,5.0,6.0,4.0,7.0,1.0,1.0,0.0,2.0,0.0,1.0,37.0,1.0,0.0,0.0,0.0,0.0,0.0,0.0,0.0,0.0,0.0,0.0,0.0,0.0,0.0,73.2,1,1,1,1,4.0,23.0,10.0,17.0,20.0,1,4,14
488,2020-04-16,0.0,1.0,1.0,4.0,10.0,3.0,8.0,3.0,0.0,2.0,2.0,0.0,34.0,0.0,1.0,1.0,0.0,0.0,0.0,1.0,0.0,0.0,0.0,0.0,0.0,0.0,0.0,73.0,1,1,1,1,7.0,26.0,1.0,13.0,21.0,3,4,16
489,2020-04-18,,,,,,,,0.0,0.0,6.0,6.0,12.0,24.0,0.0,0.0,0.0,0.0,1.0,0.0,0.0,0.0,0.0,0.0,0.0,0.0,0.0,0.0,73.2,1,1,0,1,24.0,,,0.0,24.0,5,4,18
490,2020-04-19,10.0,11.0,2.0,7.0,6.0,10.0,1.0,,,,,,47.0,1.0,0.0,0.0,1.0,0.0,0.0,0.0,1.0,0.0,0.0,0.0,0.0,0.0,0.0,72.6,1,1,0,1,,26.0,21.0,24.0,23.0,6,4,19
491,2020-04-21,6.0,8.0,9.0,8.0,12.0,8.0,4.0,2.0,3.0,6.0,2.0,0.0,68.0,1.0,0.0,0.0,0.0,0.0,0.0,1.0,1.0,0.0,0.0,0.0,0.0,0.0,0.0,73.0,1,1,1,1,13.0,41.0,14.0,29.0,39.0,1,4,21
492,2020-04-23,13.0,10.0,8.0,5.0,8.0,9.0,6.0,0.0,2.0,4.0,5.0,3.0,73.0,0.0,1.0,1.0,0.0,0.0,0.0,1.0,1.0,0.0,0.0,0.0,0.0,0.0,0.0,74.8,1,1,1,1,14.0,36.0,23.0,37.0,36.0,3,4,23
493,2020-04-25,11.0,1.0,6.0,6.0,20.0,4.0,1.0,0.0,0.0,0.0,0.0,0.0,49.0,0.0,0.0,0.0,1.0,1.0,1.0,0.0,1.0,0.0,0.0,0.0,0.0,0.0,0.0,75.0,1,1,1,1,0.0,37.0,12.0,19.0,30.0,5,4,25
494,2020-04-28,7.0,8.0,8.0,6.0,2.0,7.0,4.0,0.0,0.0,0.0,0.0,0.0,42.0,1.0,0.0,0.0,0.0,0.0,0.0,0.0,0.0,0.0,0.0,0.0,0.0,0.0,0.0,74.4,1,1,1,1,0.0,27.0,15.0,27.0,15.0,1,4,28
495,2020-04-30,2.0,0.0,7.0,4.0,6.0,6.0,3.0,1.0,1.0,1.0,0.0,1.0,32.0,0.0,1.0,1.0,0.0,0.0,0.0,0.0,0.0,0.0,0.0,0.0,0.0,0.0,0.0,74.8,1,1,1,1,4.0,26.0,2.0,13.0,19.0,3,4,30
496,2020-05-02,1.0,2.0,1.0,6.0,1.0,3.0,4.0,,,,,,18.0,0.0,0.0,1.0,1.0,1.0,0.0,0.0,0.0,0.0,0.0,0.0,0.0,0.0,0.0,74.6,1,1,0,1,,15.0,3.0,8.0,10.0,5,5,2
497,2020-05-05,15.0,6.0,4.0,7.0,6.0,6.0,6.0,1.0,0.0,6.0,4.0,3.0,64.0,1.0,0.0,0.0,0.0,0.0,0.0,1.0,1.0,0.0,0.0,0.0,0.0,0.0,0.0,75.4,1,1,1,1,14.0,29.0,21.0,32.0,32.0,1,5,5
498,2020-05-07,13.0,2.0,15.0,20.0,3.0,17.0,3.0,0.0,0.0,3.0,6.0,1.0,83.0,0.0,1.0,1.0,0.0,0.0,0.0,1.0,1.0,0.0,0.0,0.0,0.0,0.0,0.0,75.0,1,1,1,1,10.0,58.0,15.0,33.0,50.0,3,5,7
499,2020-05-09,,,,,,,,4.0,10.0,8.0,1.0,3.0,26.0,0.0,0.0,0.0,0.0,1.0,0.0,0.0,1.0,0.0,0.0,0.0,0.0,0.0,0.0,75.0,1,1,0,1,26.0,,,4.0,22.0,5,5,9
500,2020-05-10,4.0,10.0,5.0,9.0,5.0,3.0,4.0,,,,,,40.0,0.0,0.0,0.0,1.0,0.0,1.0,0.0,1.0,0.0,0.0,0.0,0.0,0.0,0.0,75.0,0,1,0,1,,26.0,14.0,23.0,17.0,6,5,10
501,2020-05-12,3.0,11.0,17.0,12.0,11.0,6.0,10.0,1.0,1.0,2.0,0.0,0.0,74.0,1.0,0.0,0.0,0.0,0.0,0.0,1.0,1.0,0.0,0.0,0.0,0.0,0.0,0.0,74.8,0,1,1,1,4.0,56.0,14.0,42.0,32.0,1,5,12
502,2020-05-14,7.0,8.0,10.0,5.0,5.0,5.0,5.0,0.0,0.0,1.0,2.0,1.0,49.0,0.0,1.0,1.0,0.0,0.0,0.0,1.0,1.0,0.0,0.0,0.0,1.0,0.0,0.0,75.2,0,1,1,1,4.0,30.0,15.0,30.0,19.0,3,5,14
503,2020-05-16,,,,,,,,7.0,2.0,1.0,1.0,2.0,13.0,0.0,0.0,0.0,1.0,0.0,0.0,0.0,0.0,0.0,0.0,0.0,0.0,0.0,0.0,74.0,0,1,0,1,13.0,,,7.0,6.0,5,5,16
504,2020-05-17,20.0,28.0,5.0,18.0,20.0,3.0,9.0,,,,,,103.0,0.0,0.0,0.0,1.0,0.0,1.0,0.0,1.0,0.0,0.0,0.0,0.0,0.0,0.0,75.4,0,1,0,1,,55.0,48.0,62.0,41.0,6,5,17
505,2020-05-19,3.0,1.0,4.0,7.0,5.0,5.0,8.0,5.0,2.0,6.0,5.0,2.0,53.0,1.0,0.0,0.0,0.0,0.0,0.0,1.0,1.0,0.0,0.0,0.0,0.0,0.0,0.0,75.2,0,1,1,1,20.0,29.0,4.0,21.0,32.0,1,5,19
506,2020-05-21,15.0,5.0,7.0,10.0,7.0,7.0,6.0,3.0,3.0,7.0,4.0,8.0,82.0,0.0,1.0,1.0,0.0,0.0,0.0,1.0,1.0,1.0,0.0,0.0,0.0,0.0,0.0,74.8,0,1,1,1,25.0,37.0,20.0,36.0,46.0,3,5,21
507,2020-05-23,,,,,,,,0.0,0.0,0.0,0.0,0.0,0.0,0.0,0.0,1.0,0.0,0.0,1.0,0.0,0.0,0.0,0.0,0.0,0.0,0.0,0.0,74.6,0,1,0,1,0.0,,,0.0,0.0,5,5,23
508,2020-05-24,15.0,14.0,4.0,7.0,3.0,0.0,1.0,,,,,,44.0,0.0,0.0,0.0,1.0,0.0,1.0,0.0,1.0,0.0,0.0,0.0,0.0,0.0,0.0,75.4,0,1,0,1,,15.0,29.0,34.0,10.0,6,5,24
509,2020-05-26,11.0,2.0,5.0,4.0,6.0,3.0,2.0,1.0,5.0,6.0,1.0,6.0,52.0,1.0,0.0,0.0,0.0,0.0,0.0,1.0,1.0,0.0,0.0,0.0,0.0,0.0,0.0,75.4,0,1,1,1,19.0,20.0,13.0,21.0,31.0,1,5,26
510,2020-05-28,4.0,0.0,5.0,4.0,3.0,8.0,8.0,0.0,0.0,3.0,3.0,4.0,42.0,0.0,1.0,1.0,0.0,0.0,0.0,1.0,1.0,0.0,0.0,0.0,0.0,0.0,0.0,75.6,0,1,1,1,10.0,28.0,4.0,17.0,25.0,3,5,28
511,2020-05-30,,,,,,,,1.0,0.0,1.0,1.0,7.0,10.0,0.0,0.0,0.0,0.0,0.0,1.0,0.0,0.0,0.0,0.0,0.0,0.0,0.0,0.0,75.6,0,1,0,1,10.0,,,1.0,9.0,5,5,30
512,2020-05-31,6.0,7.0,7.0,9.0,6.0,7.0,4.0,,,,,,46.0,0.0,0.0,0.0,1.0,0.0,1.0,0.0,1.0,0.0,0.0,0.0,0.0,0.0,0.0,75.6,0,1,0,1,,33.0,13.0,24.0,22.0,6,5,31
513,2020-06-02,3.0,0.0,4.0,2.0,2.0,6.0,9.0,3.0,1.0,5.0,3.0,1.0,39.0,1.0,0.0,0.0,0.0,0.0,0.0,1.0,1.0,0.0,0.0,0.0,0.0,0.0,0.0,76.0,0,1,1,1,13.0,23.0,3.0,19.0,20.0,1,6,2
514,2020-06-04,8.0,6.0,1.0,6.0,10.0,14.0,1.0,0.0,0.0,0.0,0.0,0.0,46.0,0.0,1.0,1.0,0.0,0.0,0.0,1.0,1.0,0.0,0.0,0.0,0.0,0.0,0.0,75.8,0,1,1,1,0.0,32.0,14.0,16.0,30.0,3,6,4
515,2020-06-06,,,,,,,,0.0,0.0,0.0,0.0,0.0,0.0,0.0,0.0,0.0,0.0,0.0,1.0,0.0,0.0,0.0,0.0,0.0,0.0,0.0,0.0,75.6,0,1,0,1,0.0,,,0.0,0.0,5,6,6
516,2020-06-07,24.0,5.0,10.0,16.0,13.0,5.0,6.0,,,,,,79.0,0.0,0.0,0.0,1.0,0.0,1.0,0.0,1.0,0.0,0.0,0.0,0.0,0.0,0.0,76.4,0,1,0,1,,50.0,29.0,45.0,34.0,6,6,7
517,2020-06-09,13.0,13.0,5.0,8.0,1.0,8.0,8.0,1.0,2.0,8.0,1.0,2.0,70.0,1.0,0.0,0.0,0.0,0.0,0.0,1.0,1.0,0.0,0.0,0.0,0.0,0.0,0.0,75.8,0,1,1,1,14.0,30.0,26.0,40.0,30.0,1,6,9
518,2020-06-11,12.0,14.0,4.0,7.0,7.0,10.0,4.0,2.0,1.0,2.0,0.0,0.0,63.0,0.0,1.0,1.0,0.0,0.0,0.0,1.0,1.0,0.0,0.0,0.0,0.0,0.0,0.0,75.8,0,1,1,1,5.0,32.0,26.0,36.0,27.0,3,6,11
519,2020-06-13,,,,,,,,0.0,0.0,0.0,0.0,3.0,3.0,0.0,0.0,0.0,1.0,0.0,0.0,0.0,0.0,0.0,0.0,0.0,0.0,0.0,0.0,74.8,0,1,0,1,3.0,,,0.0,3.0,5,6,13
520,2020-06-14,10.0,6.0,2.0,9.0,6.0,5.0,5.0,,,,,,43.0,0.0,0.0,0.0,1.0,0.0,1.0,0.0,1.0,0.0,0.0,0.0,0.0,0.0,0.0,75.4,0,1,0,1,,27.0,16.0,23.0,20.0,6,6,14
521,2020-06-16,12.0,6.0,7.0,0.0,8.0,0.0,14.0,2.0,0.0,6.0,0.0,1.0,56.0,1.0,0.0,0.0,0.0,0.0,0.0,1.0,1.0,0.0,0.0,0.0,0.0,0.0,0.0,75.6,0,1,1,1,9.0,29.0,18.0,41.0,15.0,1,6,16
522,2020-06-18,1.0,4.0,6.0,3.0,4.0,6.0,3.0,1.0,0.0,2.0,0.0,5.0,35.0,0.0,1.0,1.0,0.0,0.0,0.0,1.0,1.0,1.0,0.0,0.0,0.0,0.0,0.0,75.2,0,1,1,1,8.0,22.0,5.0,15.0,20.0,3,6,18
523,2020-06-20,,,,,,,,0.0,1.0,0.0,3.0,3.0,7.0,0.0,0.0,0.0,1.0,0.0,0.0,0.0,0.0,0.0,0.0,0.0,0.0,0.0,0.0,74.8,0,1,0,1,7.0,,,0.0,7.0,5,6,20
524,2020-06-21,10.0,4.0,3.0,13.0,2.0,6.0,6.0,,,,,,44.0,0.0,0.0,0.0,1.0,0.0,1.0,0.0,1.0,0.0,0.0,0.0,0.0,0.0,0.0,75.4,0,1,0,1,,30.0,14.0,23.0,21.0,6,6,21
525,2020-06-23,7.0,1.0,2.0,3.0,6.0,4.0,1.0,1.0,4.0,5.0,3.0,2.0,39.0,1.0,0.0,0.0,0.0,0.0,0.0,1.0,1.0,0.0,0.0,0.0,0.0,0.0,0.0,75.6,0,1,1,1,15.0,16.0,8.0,12.0,27.0,1,6,23
526,2020-06-25,4.0,15.0,10.0,4.0,4.0,10.0,6.0,2.0,2.0,4.0,0.0,3.0,64.0,0.0,1.0,1.0,0.0,0.0,0.0,1.0,1.0,0.0,0.0,0.0,0.0,0.0,0.0,75.8,0,1,1,1,11.0,34.0,19.0,37.0,27.0,3,6,25
527,2020-06-27,,,,,,,,1.0,6.0,4.0,2.0,5.0,18.0,0.0,0.0,1.0,1.0,0.0,1.0,0.0,0.0,0.0,0.0,0.0,0.0,0.0,0.0,75.4,0,1,0,1,18.0,,,1.0,17.0,5,6,27
528,2020-06-28,7.0,7.0,1.0,4.0,6.0,7.0,5.0,,,,,,37.0,0.0,0.0,0.0,1.0,0.0,1.0,0.0,1.0,0.0,0.0,0.0,0.0,0.0,0.0,76.2,0,1,0,1,,23.0,14.0,20.0,17.0,6,6,28
529,2020-06-30,11.0,6.0,6.0,6.0,5.0,1.0,4.0,4.0,2.0,4.0,3.0,3.0,55.0,1.0,0.0,0.0,0.0,0.0,0.0,1.0,1.0,0.0,0.0,0.0,0.0,0.0,0.0,75.8,0,1,1,1,16.0,22.0,17.0,31.0,24.0,1,6,30
530,2020-07-02,0.0,1.0,6.0,2.0,3.0,3.0,1.0,0.0,0.0,4.0,2.0,1.0,23.0,0.0,1.0,0.0,0.0,0.0,0.0,0.0,0.0,1.0,0.0,0.0,0.0,0.0,0.0,74.2,0,1,1,1,7.0,15.0,1.0,8.0,15.0,3,7,2
531,2020-07-04,,,,,,,,3.0,1.0,2.0,0.0,3.0,9.0,0.0,0.0,0.0,1.0,0.0,0.0,0.0,0.0,0.0,0.0,0.0,0.0,0.0,0.0,75.4,0,1,0,1,9.0,,,3.0,6.0,5,7,4
532,2020-07-05,5.0,8.0,7.0,5.0,7.0,3.0,5.0,,,,,,40.0,0.0,0.0,0.0,1.0,0.0,1.0,1.0,1.0,0.0,0.0,0.0,0.0,0.0,0.0,75.6,0,1,0,1,,27.0,13.0,25.0,15.0,6,7,5
533,2020-07-07,0.0,10.0,3.0,2.0,6.0,11.0,4.0,1.0,4.0,7.0,1.0,3.0,52.0,1.0,0.0,0.0,0.0,0.0,0.0,1.0,0.0,0.0,0.0,0.0,0.0,0.0,0.0,75.4,0,1,1,1,16.0,26.0,10.0,18.0,34.0,1,7,7
534,2020-07-09,5.0,2.0,5.0,10.0,14.0,9.0,4.0,2.0,1.0,4.0,0.0,3.0,59.0,0.0,1.0,0.0,0.0,0.0,0.0,0.0,0.0,0.0,0.0,0.0,0.0,0.0,0.0,75.2,0,1,1,1,10.0,42.0,7.0,18.0,41.0,3,7,9
535,2020-07-11,,,,,,,,3.0,3.0,2.0,6.0,6.0,20.0,0.0,0.0,0.0,1.0,0.0,1.0,0.0,0.0,0.0,0.0,0.0,0.0,0.0,0.0,75.6,0,1,0,1,20.0,,,3.0,17.0,5,7,11
536,2020-07-12,4.0,1.0,6.0,8.0,5.0,6.0,3.0,,,,,,33.0,0.0,0.0,0.0,1.0,0.0,1.0,0.0,1.0,0.0,0.0,0.0,0.0,0.0,0.0,76.2,0,1,0,1,,28.0,5.0,14.0,19.0,6,7,12
537,2020-07-14,6.0,7.0,3.0,0.0,3.0,5.0,5.0,5.0,2.0,4.0,0.0,7.0,47.0,1.0,0.0,0.0,0.0,0.0,0.0,1.0,1.0,0.0,0.0,0.0,0.0,0.0,0.0,76.2,0,1,1,1,18.0,16.0,13.0,26.0,21.0,1,7,14
538,2020-07-16,13.0,0.0,4.0,10.0,7.0,9.0,12.0,1.0,1.0,5.0,2.0,1.0,65.0,0.0,1.0,1.0,0.0,0.0,0.0,1.0,1.0,0.0,0.0,0.0,0.0,0.0,0.0,76.2,0,1,1,1,10.0,42.0,13.0,30.0,35.0,3,7,16
539,2020-07-18,,,,,,,,6.0,8.0,4.0,5.0,7.0,30.0,0.0,0.0,0.0,0.0,1.0,0.0,0.0,0.0,0.0,0.0,0.0,0.0,0.0,0.0,75.8,0,1,0,1,30.0,,,6.0,24.0,5,7,18
540,2020-07-19,5.0,7.0,6.0,6.0,5.0,4.0,3.0,,,,,,36.0,0.0,0.0,0.0,1.0,0.0,1.0,0.0,1.0,0.0,0.0,0.0,0.0,0.0,0.0,76.6,0,1,0,1,,24.0,12.0,21.0,15.0,6,7,19
541,2020-07-21,10.0,4.0,3.0,4.0,5.0,2.0,10.0,0.0,2.0,4.0,0.0,2.0,46.0,1.0,0.0,0.0,0.0,0.0,0.0,1.0,1.0,0.0,0.0,0.0,0.0,0.0,0.0,76.6,0,1,1,1,8.0,24.0,14.0,27.0,19.0,1,7,21
542,2020-07-23,12.0,13.0,5.0,0.0,2.0,2.0,3.0,10.0,4.0,4.0,2.0,6.0,63.0,0.0,1.0,1.0,0.0,0.0,0.0,0.0,1.0,0.0,0.0,0.0,0.0,0.0,0.0,76.2,0,1,1,1,26.0,12.0,25.0,43.0,20.0,3,7,23
543,2020-07-25,,,,,,,,0.0,9.0,8.0,5.0,1.0,23.0,0.0,0.0,0.0,0.0,1.0,0.0,0.0,0.0,0.0,0.0,0.0,0.0,0.0,0.0,76.2,0,1,0,1,23.0,,,0.0,23.0,5,7,25
544,2020-07-26,14.0,16.0,10.0,6.0,16.0,4.0,8.0,,,,,,74.0,0.0,0.0,0.0,1.0,0.0,1.0,0.0,1.0,0.0,0.0,0.0,0.0,0.0,0.0,77.2,0,1,0,1,,44.0,30.0,48.0,26.0,6,7,26
545,2020-07-28,0.0,3.0,8.0,3.0,4.0,4.0,10.0,4.0,5.0,1.0,5.0,8.0,55.0,1.0,0.0,0.0,0.0,0.0,0.0,1.0,1.0,0.0,0.0,0.0,0.0,0.0,0.0,77.0,0,1,1,1,23.0,29.0,3.0,25.0,30.0,1,7,28
546,2020-07-30,6.0,10.0,3.0,10.0,8.0,8.0,8.0,2.0,2.0,6.0,1.0,2.0,66.0,0.0,1.0,1.0,0.0,0.0,0.0,1.0,1.0,0.0,0.0,0.0,1.0,0.0,0.0,77.0,0,1,1,1,13.0,37.0,16.0,29.0,37.0,3,7,30
547,2020-08-01,,,,,,,,3.0,2.0,6.0,2.0,8.0,21.0,0.0,0.0,0.0,0.0,1.0,0.0,0.0,0.0,0.0,0.0,0.0,0.0,0.0,0.0,77.2,0,1,0,1,21.0,,,3.0,18.0,5,8,1
548,2020-08-02,3.0,8.0,1.0,7.0,2.0,3.0,9.0,,,,,,33.0,0.0,0.0,0.0,1.0,0.0,1.0,0.0,1.0,0.0,0.0,0.0,0.0,0.0,0.0,77.0,0,1,0,1,,22.0,11.0,21.0,12.0,6,8,2
549,2020-08-04,7.0,4.0,5.0,6.0,3.0,6.0,4.0,2.0,4.0,0.0,2.0,2.0,45.0,1.0,0.0,0.0,0.0,0.0,0.0,1.0,1.0,0.0,0.0,0.0,0.0,0.0,0.0,77.2,0,1,1,1,10.0,24.0,11.0,22.0,23.0,1,8,4
550,2020-08-06,3.0,3.0,1.0,7.0,11.0,7.0,10.0,4.0,0.0,3.0,2.0,3.0,54.0,0.0,1.0,1.0,0.0,0.0,0.0,1.0,1.0,0.0,0.0,0.0,0.0,0.0,0.0,76.8,0,1,1,1,12.0,36.0,6.0,21.0,33.0,3,8,6
551,2020-08-08,,,,,,,,3.0,8.0,2.0,2.0,7.0,22.0,0.0,0.0,0.0,0.0,1.0,0.0,0.0,0.0,0.0,0.0,0.0,0.0,0.0,0.0,76.0,0,1,0,1,22.0,,,3.0,19.0,5,8,8
552,2020-08-09,4.0,0.0,1.0,4.0,9.0,12.0,9.0,,,,,,39.0,0.0,0.0,0.0,1.0,0.0,1.0,0.0,1.0,0.0,0.0,0.0,0.0,0.0,0.0,76.4,0,1,0,1,,35.0,4.0,14.0,25.0,6,8,9
553,2020-08-11,3.0,4.0,2.0,2.0,4.0,5.0,5.0,7.0,6.0,7.0,9.0,6.0,60.0,1.0,0.0,0.0,0.0,0.0,0.0,1.0,1.0,0.0,0.0,0.0,0.0,0.0,0.0,76.6,0,1,1,1,35.0,18.0,7.0,21.0,39.0,1,8,11
554,2020-08-13,9.0,6.0,3.0,1.0,10.0,14.0,16.0,1.0,1.0,7.0,1.0,5.0,74.0,0.0,1.0,1.0,0.0,0.0,0.0,1.0,1.0,0.0,0.0,0.0,0.0,0.0,0.0,76.6,0,1,1,1,15.0,44.0,15.0,35.0,39.0,3,8,13
555,2020-08-15,,,,,,,,2.0,7.0,0.0,5.0,4.0,18.0,0.0,0.0,0.0,0.0,1.0,0.0,0.0,0.0,0.0,0.0,0.0,0.0,0.0,0.0,75.4,0,1,0,1,18.0,,,2.0,16.0,5,8,15
556,2020-08-16,6.0,3.0,6.0,7.0,5.0,6.0,1.0,,,,,,34.0,1.0,0.0,0.0,0.0,0.0,0.0,0.0,1.0,0.0,0.0,0.0,0.0,0.0,0.0,76.0,0,1,0,1,,25.0,9.0,16.0,18.0,6,8,16
557,2020-08-18,9.0,9.0,7.0,2.0,2.0,6.0,9.0,1.0,1.0,3.0,0.0,0.0,49.0,1.0,0.0,0.0,0.0,0.0,0.0,1.0,1.0,0.0,0.0,0.0,0.0,0.0,0.0,75.6,0,1,1,1,5.0,26.0,18.0,35.0,14.0,1,8,18
558,2020-08-20,8.0,11.0,9.0,7.0,10.0,7.0,13.0,4.0,3.0,3.0,4.0,2.0,81.0,0.0,1.0,1.0,0.0,0.0,0.0,1.0,1.0,0.0,0.0,0.0,0.0,0.0,0.0,74.6,0,1,1,1,16.0,46.0,19.0,45.0,36.0,3,8,20
559,2020-08-22,,,,,,,,5.0,8.0,2.0,5.0,9.0,29.0,0.0,0.0,0.0,0.0,1.0,0.0,0.0,0.0,0.0,0.0,0.0,0.0,0.0,0.0,75.0,0,1,0,1,29.0,,,5.0,24.0,5,8,22
560,2020-08-23,7.0,10.0,11.0,8.0,9.0,4.0,5.0,,,,,,54.0,0.0,0.0,0.0,1.0,0.0,1.0,0.0,1.0,0.0,0.0,0.0,0.0,0.0,0.0,76.0,0,1,0,1,,37.0,17.0,33.0,21.0,6,8,23
561,2020-08-25,5.0,2.0,3.0,6.0,4.0,6.0,3.0,0.0,4.0,5.0,1.0,4.0,43.0,1.0,0.0,0.0,0.0,0.0,0.0,1.0,1.0,0.0,0.0,0.0,0.0,0.0,0.0,76.4,0,1,1,1,14.0,22.0,7.0,13.0,30.0,1,8,25
562,2020-08-27,11.0,12.0,9.0,10.0,13.0,8.0,15.0,1.0,2.0,4.0,1.0,1.0,87.0,0.0,1.0,1.0,0.0,0.0,0.0,1.0,1.0,1.0,0.0,0.0,0.0,0.0,0.0,76.6,0,1,1,1,9.0,55.0,23.0,48.0,39.0,3,8,27
563,2020-08-29,,,,,,,,4.0,1.0,9.0,4.0,2.0,20.0,0.0,0.0,0.0,0.0,1.0,0.0,0.0,0.0,0.0,0.0,0.0,0.0,0.0,0.0,76.4,0,1,0,1,20.0,,,4.0,16.0,5,8,29
564,2020-08-30,10.0,7.0,2.0,4.0,2.0,6.0,7.0,,,,,,38.0,0.0,0.0,0.0,1.0,0.0,1.0,0.0,1.0,0.0,0.0,0.0,0.0,0.0,0.0,77.0,0,1,0,1,,21.0,17.0,26.0,12.0,6,8,30
565,2020-09-01,13.0,15.0,6.0,5.0,8.0,9.0,8.0,4.0,0.0,6.0,1.0,2.0,77.0,1.0,0.0,0.0,0.0,0.0,0.0,0.0,0.0,0.0,0.0,0.0,0.0,0.0,0.0,76.6,0,1,1,1,13.0,36.0,28.0,46.0,31.0,1,9,1
566,2020-09-03,4.0,10.0,13.0,6.0,10.0,8.0,15.0,2.0,6.0,7.0,0.0,3.0,84.0,0.0,1.0,1.0,0.0,0.0,0.0,1.0,1.0,0.0,1.0,0.0,0.0,0.0,0.0,76.2,0,1,1,1,18.0,52.0,14.0,44.0,40.0,3,9,3
567,2020-09-05,,,,,,,,3.0,5.0,0.0,3.0,4.0,15.0,0.0,0.0,0.0,0.0,1.0,0.0,0.0,0.0,0.0,0.0,0.0,0.0,0.0,0.0,76.0,0,1,0,1,15.0,,,3.0,12.0,5,9,5
568,2020-09-06,4.0,15.0,9.0,11.0,3.0,11.0,2.0,,,,,,55.0,0.0,0.0,0.0,1.0,0.0,1.0,0.0,1.0,0.0,0.0,0.0,0.0,0.0,0.0,76.4,0,1,0,1,,36.0,19.0,30.0,25.0,6,9,6
569,2020-09-08,9.0,9.0,8.0,5.0,5.0,8.0,4.0,3.0,0.0,3.0,2.0,2.0,58.0,1.0,0.0,0.0,0.0,0.0,0.0,1.0,1.0,0.0,0.0,0.0,0.0,0.0,0.0,76.2,0,1,1,1,10.0,30.0,18.0,33.0,25.0,1,9,8
570,2020-09-10,13.0,12.0,5.0,3.0,8.0,15.0,11.0,5.0,3.0,1.0,11.0,3.0,90.0,0.0,1.0,1.0,0.0,0.0,0.0,1.0,1.0,1.0,0.0,0.0,0.0,0.0,0.0,74.6,0,1,1,1,23.0,42.0,25.0,46.0,44.0,3,9,10
571,2020-09-12,,,,,,,,0.0,6.0,5.0,1.0,5.0,17.0,0.0,0.0,0.0,0.0,1.0,0.0,0.0,0.0,0.0,0.0,0.0,0.0,0.0,0.0,74.8,0,1,0,1,17.0,,,0.0,17.0,5,9,12
572,2020-09-13,4.0,7.0,0.0,3.0,1.0,2.0,3.0,,,,,,20.0,0.0,0.0,0.0,1.0,0.0,1.0,0.0,1.0,0.0,0.0,0.0,0.0,0.0,0.0,75.4,0,1,0,1,,9.0,11.0,14.0,6.0,6,9,13
573,2020-09-14,11.0,7.0,7.0,5.0,3.0,6.0,4.0,2.0,0.0,1.0,3.0,3.0,52.0,1.0,0.0,0.0,0.0,0.0,0.0,1.0,1.0,0.0,0.0,0.0,0.0,0.0,0.0,75.6,0,1,1,1,9.0,25.0,18.0,31.0,21.0,0,9,14
574,2020-09-17,7.0,18.0,4.0,2.0,10.0,11.0,6.0,1.0,4.0,5.0,5.0,6.0,79.0,0.0,1.0,0.0,0.0,0.0,0.0,1.0,1.0,0.0,0.0,0.0,0.0,0.0,0.0,75.4,0,1,1,1,21.0,33.0,25.0,36.0,43.0,3,9,17
575,2020-09-19,,,,,,,,4.0,8.0,0.0,4.0,12.0,28.0,0.0,0.0,0.0,0.0,1.0,0.0,0.0,0.0,0.0,0.0,0.0,0.0,0.0,0.0,74.8,0,1,0,1,28.0,,,4.0,24.0,5,9,19
576,2020-09-20,2.0,9.0,6.0,7.0,5.0,3.0,6.0,,,,,,38.0,0.0,0.0,0.0,1.0,0.0,1.0,0.0,1.0,0.0,0.0,0.0,0.0,0.0,0.0,75.4,0,1,0,1,,27.0,11.0,23.0,15.0,6,9,20
577,2020-09-22,6.0,1.0,4.0,6.0,5.0,4.0,7.0,2.0,1.0,5.0,4.0,1.0,46.0,1.0,0.0,0.0,0.0,0.0,0.0,1.0,1.0,0.0,0.0,0.0,0.0,0.0,0.0,75.6,0,1,1,1,13.0,26.0,7.0,20.0,26.0,1,9,22
578,2020-09-24,8.0,18.0,2.0,9.0,10.0,10.0,11.0,5.0,6.0,3.0,7.0,9.0,98.0,0.0,1.0,1.0,0.0,0.0,0.0,1.0,1.0,0.0,0.0,0.0,0.0,0.0,0.0,75.6,0,1,1,1,30.0,42.0,26.0,44.0,54.0,3,9,24
579,2020-09-26,,,,,,,,6.0,2.0,3.0,5.0,8.0,24.0,0.0,0.0,0.0,0.0,1.0,0.0,0.0,0.0,0.0,0.0,0.0,0.0,0.0,0.0,75.0,0,1,0,1,24.0,,,6.0,18.0,5,9,26
580,2020-09-27,10.0,19.0,9.0,10.0,8.0,16.0,3.0,,,,,,75.0,0.0,0.0,0.0,1.0,0.0,1.0,0.0,1.0,0.0,0.0,0.0,0.0,0.0,0.0,75.6,0,1,0,1,,46.0,29.0,41.0,34.0,6,9,27
581,2020-09-29,15.0,5.0,6.0,6.0,4.0,4.0,7.0,4.0,1.0,4.0,4.0,1.0,61.0,1.0,0.0,0.0,0.0,0.0,0.0,1.0,1.0,0.0,0.0,0.0,0.0,0.0,0.0,75.4,0,1,1,1,14.0,27.0,20.0,37.0,24.0,1,9,29
